{"v":"5.5.7","meta":{"g":"LottieFiles AE ","a":"","k":"","d":"","tc":""},"fr":24,"ip":0,"op":25,"w":590,"h":535,"nm":"main","ddd":0,"assets":[{"id":"comp_0","layers":[{"ddd":0,"ind":1,"ty":4,"nm":"Shape Layer 7","parent":22,"sr":1,"ks":{"o":{"a":0,"k":100,"ix":11},"r":{"a":0,"k":-96,"ix":10},"p":{"a":0,"k":[479.381,652,0],"ix":2},"a":{"a":0,"k":[-167.619,134.5,0],"ix":1},"s":{"a":0,"k":[100,100,100],"ix":6}},"ao":0,"shapes":[{"ty":"gr","it":[{"ind":0,"ty":"sh","ix":1,"ks":{"a":1,"k":[{"i":{"x":0.833,"y":0.833},"o":{"x":0.167,"y":0},"t":0,"s":[{"i":[[0,0],[-19.794,0.017]],"o":[[0,0],[19.491,-0.017]],"v":[[-167.5,134.5],[-148.75,157.632]],"c":false}]},{"i":{"x":0.1,"y":1},"o":{"x":0.167,"y":0.167},"t":6,"s":[{"i":[[0,0],[-7.015,-14.358]],"o":[[0,0],[7.872,16.112]],"v":[[-167.5,134.5],[-166.476,166.46]],"c":false}]},{"i":{"x":0.833,"y":0.833},"o":{"x":0.167,"y":0},"t":12,"s":[{"i":[[0,0],[-18,0.591]],"o":[[0,0],[17.656,-0.58]],"v":[[-167.5,134.5],[-151,159.909]],"c":false}]},{"i":{"x":0.1,"y":1},"o":{"x":0.167,"y":0.167},"t":18,"s":[{"i":[[0,0],[-17.353,-16.451]],"o":[[0,0],[13.014,12.337]],"v":[[-167.5,134.5],[-159.829,160.623]],"c":false}]},{"t":24.000390625,"s":[{"i":[[0,0],[-19.794,0.017]],"o":[[0,0],[19.491,-0.017]],"v":[[-167.5,134.5],[-148.75,157.632]],"c":false}]}],"ix":2},"nm":"Path 1","mn":"ADBE Vector Shape - Group","hd":false},{"ty":"st","c":{"a":0,"k":[0.345098039216,0.36862745098,0.662745098039,1],"ix":3},"o":{"a":0,"k":100,"ix":4},"w":{"a":0,"k":14,"ix":5},"lc":2,"lj":2,"bm":0,"nm":"Stroke 1","mn":"ADBE Vector Graphic - Stroke","hd":false},{"ty":"tr","p":{"a":0,"k":[0,0],"ix":2},"a":{"a":0,"k":[0,0],"ix":1},"s":{"a":0,"k":[100,100],"ix":3},"r":{"a":0,"k":0,"ix":6},"o":{"a":0,"k":100,"ix":7},"sk":{"a":0,"k":0,"ix":4},"sa":{"a":0,"k":0,"ix":5},"nm":"Transform"}],"nm":"Shape 1","np":3,"cix":2,"bm":0,"ix":1,"mn":"ADBE Vector Group","hd":false}],"ip":0,"op":122.4,"st":1.6,"bm":0},{"ddd":0,"ind":2,"ty":4,"nm":"Shape Layer 4","parent":22,"sr":1,"ks":{"o":{"a":0,"k":100,"ix":11},"r":{"a":0,"k":0,"ix":10},"p":{"a":0,"k":[636.5,537.5,0],"ix":2},"a":{"a":0,"k":[0,0,0],"ix":1},"s":{"a":0,"k":[100,100,100],"ix":6}},"ao":0,"shapes":[{"ty":"gr","it":[{"ind":0,"ty":"sh","ix":1,"ks":{"a":1,"k":[{"i":{"x":0.833,"y":0.833},"o":{"x":0.9,"y":0},"t":0,"s":[{"i":[[0,0],[-1,-17.5]],"o":[[0,0],[0.549,9.602]],"v":[[-167.5,134.5],[-189.5,154.5]],"c":false}]},{"i":{"x":0.1,"y":1},"o":{"x":0.167,"y":0.167},"t":2.8,"s":[{"i":[[0,0],[-1.326,-8.396]],"o":[[0,0],[1.5,9.5]],"v":[[-167.5,134.5],[-175.633,172.4]],"c":false}]},{"i":{"x":0.1,"y":1},"o":{"x":0.9,"y":0},"t":6,"s":[{"i":[[0,0],[-18,0.591]],"o":[[0,0],[17.656,-0.58]],"v":[[-167.5,134.5],[-151,159.909]],"c":false}]},{"i":{"x":0.833,"y":0.833},"o":{"x":0.9,"y":0},"t":12,"s":[{"i":[[0,0],[-1,-17.5]],"o":[[0,0],[0.549,9.602]],"v":[[-167.5,134.5],[-189.5,154.5]],"c":false}]},{"i":{"x":0.1,"y":1},"o":{"x":0.167,"y":0.167},"t":14.8,"s":[{"i":[[0,0],[-1.326,-8.396]],"o":[[0,0],[1.5,9.5]],"v":[[-167.5,134.5],[-175.633,172.4]],"c":false}]},{"i":{"x":0.1,"y":1},"o":{"x":0.9,"y":0},"t":18,"s":[{"i":[[0,0],[-18,0.591]],"o":[[0,0],[17.656,-0.58]],"v":[[-167.5,134.5],[-151,159.909]],"c":false}]},{"t":24.000390625,"s":[{"i":[[0,0],[-1,-17.5]],"o":[[0,0],[0.549,9.602]],"v":[[-167.5,134.5],[-189.5,154.5]],"c":false}]}],"ix":2},"nm":"Path 1","mn":"ADBE Vector Shape - Group","hd":false},{"ty":"st","c":{"a":0,"k":[0.345098039216,0.36862745098,0.662745098039,1],"ix":3},"o":{"a":0,"k":100,"ix":4},"w":{"a":0,"k":14,"ix":5},"lc":2,"lj":2,"bm":0,"nm":"Stroke 1","mn":"ADBE Vector Graphic - Stroke","hd":false},{"ty":"tr","p":{"a":0,"k":[0,0],"ix":2},"a":{"a":0,"k":[0,0],"ix":1},"s":{"a":0,"k":[100,100],"ix":3},"r":{"a":0,"k":0,"ix":6},"o":{"a":0,"k":100,"ix":7},"sk":{"a":0,"k":0,"ix":4},"sa":{"a":0,"k":0,"ix":5},"nm":"Transform"}],"nm":"Shape 1","np":3,"cix":2,"bm":0,"ix":1,"mn":"ADBE Vector Group","hd":false}],"ip":0,"op":122.4,"st":1.6,"bm":0},{"ddd":0,"ind":3,"ty":4,"nm":"Shape Layer 3","parent":22,"sr":1,"ks":{"o":{"a":0,"k":100,"ix":11},"r":{"a":0,"k":0,"ix":10},"p":{"a":0,"k":[583,537.5,0],"ix":2},"a":{"a":0,"k":[0,0,0],"ix":1},"s":{"a":0,"k":[100,100,100],"ix":6}},"ao":0,"shapes":[{"ty":"gr","it":[{"ind":0,"ty":"sh","ix":1,"ks":{"a":1,"k":[{"i":{"x":0.833,"y":0.833},"o":{"x":0.9,"y":0},"t":0,"s":[{"i":[[0,0],[-1,-17.5]],"o":[[0,0],[0.549,9.602]],"v":[[-167.5,134.5],[-189.5,154.5]],"c":false}]},{"i":{"x":0.1,"y":1},"o":{"x":0.167,"y":0.167},"t":2.8,"s":[{"i":[[0,0],[-1.326,-8.396]],"o":[[0,0],[1.5,9.5]],"v":[[-167.5,134.5],[-175.633,172.4]],"c":false}]},{"i":{"x":0.1,"y":1},"o":{"x":0.9,"y":0},"t":6,"s":[{"i":[[0,0],[-18,0.591]],"o":[[0,0],[17.656,-0.58]],"v":[[-167.5,134.5],[-151,159.909]],"c":false}]},{"i":{"x":0.833,"y":0.833},"o":{"x":0.9,"y":0},"t":12,"s":[{"i":[[0,0],[-1,-17.5]],"o":[[0,0],[0.549,9.602]],"v":[[-167.5,134.5],[-189.5,154.5]],"c":false}]},{"i":{"x":0.1,"y":1},"o":{"x":0.167,"y":0.167},"t":14.8,"s":[{"i":[[0,0],[-1.326,-8.396]],"o":[[0,0],[1.5,9.5]],"v":[[-167.5,134.5],[-175.633,172.4]],"c":false}]},{"i":{"x":0.1,"y":1},"o":{"x":0.9,"y":0},"t":18,"s":[{"i":[[0,0],[-18,0.591]],"o":[[0,0],[17.656,-0.58]],"v":[[-167.5,134.5],[-151,159.909]],"c":false}]},{"t":24.000390625,"s":[{"i":[[0,0],[-1,-17.5]],"o":[[0,0],[0.549,9.602]],"v":[[-167.5,134.5],[-189.5,154.5]],"c":false}]}],"ix":2},"nm":"Path 1","mn":"ADBE Vector Shape - Group","hd":false},{"ty":"st","c":{"a":0,"k":[0.345098039216,0.36862745098,0.662745098039,1],"ix":3},"o":{"a":0,"k":100,"ix":4},"w":{"a":0,"k":14,"ix":5},"lc":2,"lj":2,"bm":0,"nm":"Stroke 1","mn":"ADBE Vector Graphic - Stroke","hd":false},{"ty":"tr","p":{"a":0,"k":[0,0],"ix":2},"a":{"a":0,"k":[0,0],"ix":1},"s":{"a":0,"k":[100,100],"ix":3},"r":{"a":0,"k":0,"ix":6},"o":{"a":0,"k":100,"ix":7},"sk":{"a":0,"k":0,"ix":4},"sa":{"a":0,"k":0,"ix":5},"nm":"Transform"}],"nm":"Shape 1","np":3,"cix":2,"bm":0,"ix":1,"mn":"ADBE Vector Group","hd":false}],"ip":0,"op":122.4,"st":1.6,"bm":0},{"ddd":0,"ind":4,"ty":4,"nm":"Shape Layer 6","parent":22,"sr":1,"ks":{"o":{"a":0,"k":100,"ix":11},"r":{"a":0,"k":0,"ix":10},"p":{"a":0,"k":[648.5,537.5,0],"ix":2},"a":{"a":0,"k":[0,0,0],"ix":1},"s":{"a":0,"k":[100,100,100],"ix":6}},"ao":0,"shapes":[{"ty":"gr","it":[{"ind":0,"ty":"sh","ix":1,"ks":{"a":1,"k":[{"i":{"x":0.833,"y":0.833},"o":{"x":0.167,"y":0},"t":-12,"s":[{"i":[[0,0],[-1,-17.5]],"o":[[0,0],[0.549,9.602]],"v":[[-167.5,134.5],[-189.5,154.5]],"c":false}]},{"i":{"x":0.833,"y":0.667},"o":{"x":0.167,"y":0.167},"t":-6.4,"s":[{"i":[[0,0],[-1.326,-8.396]],"o":[[0,0],[1.5,9.5]],"v":[[-167.5,134.5],[-175.633,172.4]],"c":false}]},{"i":{"x":0.1,"y":1},"o":{"x":0.167,"y":0.333},"t":0,"s":[{"i":[[0,0],[-18,0.591]],"o":[[0,0],[17.656,-0.58]],"v":[[-167.5,134.5],[-151,159.909]],"c":false}]},{"i":{"x":0.833,"y":0.833},"o":{"x":0.9,"y":0},"t":6,"s":[{"i":[[0,0],[-1,-17.5]],"o":[[0,0],[0.549,9.602]],"v":[[-167.5,134.5],[-189.5,154.5]],"c":false}]},{"i":{"x":0.833,"y":0.667},"o":{"x":0.167,"y":0.167},"t":8.8,"s":[{"i":[[0,0],[-1.326,-8.396]],"o":[[0,0],[1.5,9.5]],"v":[[-167.5,134.5],[-175.633,172.4]],"c":false}]},{"i":{"x":0.1,"y":1},"o":{"x":0.167,"y":0.333},"t":12,"s":[{"i":[[0,0],[-18,0.591]],"o":[[0,0],[17.656,-0.58]],"v":[[-167.5,134.5],[-151,159.909]],"c":false}]},{"i":{"x":0.833,"y":0.833},"o":{"x":0.9,"y":0},"t":18,"s":[{"i":[[0,0],[-1,-17.5]],"o":[[0,0],[0.549,9.602]],"v":[[-167.5,134.5],[-189.5,154.5]],"c":false}]},{"i":{"x":0.833,"y":0.667},"o":{"x":0.167,"y":0.167},"t":20.8,"s":[{"i":[[0,0],[-1.326,-8.396]],"o":[[0,0],[1.5,9.5]],"v":[[-167.5,134.5],[-175.633,172.4]],"c":false}]},{"i":{"x":0.1,"y":1},"o":{"x":0.167,"y":0.333},"t":24,"s":[{"i":[[0,0],[-18,0.591]],"o":[[0,0],[17.656,-0.58]],"v":[[-167.5,134.5],[-151,159.909]],"c":false}]},{"t":36.000390625,"s":[{"i":[[0,0],[-1,-17.5]],"o":[[0,0],[0.549,9.602]],"v":[[-167.5,134.5],[-189.5,154.5]],"c":false}]}],"ix":2},"nm":"Path 1","mn":"ADBE Vector Shape - Group","hd":false},{"ty":"st","c":{"a":0,"k":[0.345098039216,0.36862745098,0.662745098039,1],"ix":3},"o":{"a":0,"k":100,"ix":4},"w":{"a":0,"k":14,"ix":5},"lc":2,"lj":2,"bm":0,"nm":"Stroke 1","mn":"ADBE Vector Graphic - Stroke","hd":false},{"ty":"tr","p":{"a":0,"k":[0,0],"ix":2},"a":{"a":0,"k":[0,0],"ix":1},"s":{"a":0,"k":[100,100],"ix":3},"r":{"a":0,"k":0,"ix":6},"o":{"a":0,"k":100,"ix":7},"sk":{"a":0,"k":0,"ix":4},"sa":{"a":0,"k":0,"ix":5},"nm":"Transform"}],"nm":"Shape 1","np":3,"cix":2,"bm":0,"ix":1,"mn":"ADBE Vector Group","hd":false}],"ip":-12.8,"op":134.4,"st":13.6,"bm":0},{"ddd":0,"ind":5,"ty":4,"nm":"Shape Layer 5","parent":22,"sr":1,"ks":{"o":{"a":0,"k":100,"ix":11},"r":{"a":0,"k":0,"ix":10},"p":{"a":0,"k":[595,537.5,0],"ix":2},"a":{"a":0,"k":[0,0,0],"ix":1},"s":{"a":0,"k":[100,100,100],"ix":6}},"ao":0,"shapes":[{"ty":"gr","it":[{"ind":0,"ty":"sh","ix":1,"ks":{"a":1,"k":[{"i":{"x":0.833,"y":0.833},"o":{"x":0.167,"y":0},"t":-12,"s":[{"i":[[0,0],[-1,-17.5]],"o":[[0,0],[0.549,9.602]],"v":[[-167.5,134.5],[-189.5,154.5]],"c":false}]},{"i":{"x":0.833,"y":0.667},"o":{"x":0.167,"y":0.167},"t":-6.4,"s":[{"i":[[0,0],[-1.326,-8.396]],"o":[[0,0],[1.5,9.5]],"v":[[-167.5,134.5],[-175.633,172.4]],"c":false}]},{"i":{"x":0.1,"y":1},"o":{"x":0.167,"y":0.333},"t":0,"s":[{"i":[[0,0],[-18,0.591]],"o":[[0,0],[17.656,-0.58]],"v":[[-167.5,134.5],[-151,159.909]],"c":false}]},{"i":{"x":0.833,"y":0.833},"o":{"x":0.9,"y":0},"t":6,"s":[{"i":[[0,0],[-1,-17.5]],"o":[[0,0],[0.549,9.602]],"v":[[-167.5,134.5],[-189.5,154.5]],"c":false}]},{"i":{"x":0.833,"y":0.667},"o":{"x":0.167,"y":0.167},"t":8.8,"s":[{"i":[[0,0],[-1.326,-8.396]],"o":[[0,0],[1.5,9.5]],"v":[[-167.5,134.5],[-175.633,172.4]],"c":false}]},{"i":{"x":0.1,"y":1},"o":{"x":0.167,"y":0.333},"t":12,"s":[{"i":[[0,0],[-18,0.591]],"o":[[0,0],[17.656,-0.58]],"v":[[-167.5,134.5],[-151,159.909]],"c":false}]},{"i":{"x":0.833,"y":0.833},"o":{"x":0.9,"y":0},"t":18,"s":[{"i":[[0,0],[-1,-17.5]],"o":[[0,0],[0.549,9.602]],"v":[[-167.5,134.5],[-189.5,154.5]],"c":false}]},{"i":{"x":0.833,"y":0.667},"o":{"x":0.167,"y":0.167},"t":20.8,"s":[{"i":[[0,0],[-1.326,-8.396]],"o":[[0,0],[1.5,9.5]],"v":[[-167.5,134.5],[-175.633,172.4]],"c":false}]},{"i":{"x":0.1,"y":1},"o":{"x":0.167,"y":0.333},"t":24,"s":[{"i":[[0,0],[-18,0.591]],"o":[[0,0],[17.656,-0.58]],"v":[[-167.5,134.5],[-151,159.909]],"c":false}]},{"t":36.000390625,"s":[{"i":[[0,0],[-1,-17.5]],"o":[[0,0],[0.549,9.602]],"v":[[-167.5,134.5],[-189.5,154.5]],"c":false}]}],"ix":2},"nm":"Path 1","mn":"ADBE Vector Shape - Group","hd":false},{"ty":"st","c":{"a":0,"k":[0.345098039216,0.36862745098,0.662745098039,1],"ix":3},"o":{"a":0,"k":100,"ix":4},"w":{"a":0,"k":14,"ix":5},"lc":2,"lj":2,"bm":0,"nm":"Stroke 1","mn":"ADBE Vector Graphic - Stroke","hd":false},{"ty":"tr","p":{"a":0,"k":[0,0],"ix":2},"a":{"a":0,"k":[0,0],"ix":1},"s":{"a":0,"k":[100,100],"ix":3},"r":{"a":0,"k":0,"ix":6},"o":{"a":0,"k":100,"ix":7},"sk":{"a":0,"k":0,"ix":4},"sa":{"a":0,"k":0,"ix":5},"nm":"Transform"}],"nm":"Shape 1","np":3,"cix":2,"bm":0,"ix":1,"mn":"ADBE Vector Group","hd":false}],"ip":-12.8,"op":134.4,"st":13.6,"bm":0},{"ddd":0,"ind":6,"ty":4,"nm":"Shape Layer 1","sr":1,"ks":{"o":{"a":0,"k":100,"ix":11},"r":{"a":0,"k":0,"ix":10},"p":{"a":0,"k":[540,540,0],"ix":2},"a":{"a":0,"k":[0,0,0],"ix":1},"s":{"a":0,"k":[100,100,100],"ix":6}},"ao":0,"shapes":[{"ty":"gr","it":[{"ind":0,"ty":"sh","ix":1,"ks":{"a":1,"k":[{"i":{"x":0.833,"y":0.833},"o":{"x":0.81,"y":0},"t":0,"s":[{"i":[[0,0],[76.25,-33.75]],"o":[[0,0],[-59.517,26.344]],"v":[[5.75,3.75],[-115.25,85.75]],"c":false}]},{"i":{"x":0.19,"y":1},"o":{"x":0.167,"y":0.167},"t":3,"s":[{"i":[[0,0],[34.509,-29.384]],"o":[[0,0],[-30.741,25.866]],"v":[[5.134,0.866],[-112.759,91.134]],"c":false}]},{"i":{"x":0.833,"y":0.833},"o":{"x":0.81,"y":0},"t":6,"s":[{"i":[[0,0],[76.25,-33.75]],"o":[[0,0],[-59.517,26.344]],"v":[[7,-3],[-115.25,85.75]],"c":false}]},{"i":{"x":0.19,"y":1},"o":{"x":0.167,"y":0.167},"t":9,"s":[{"i":[[0,0],[34.509,-29.384]],"o":[[0,0],[-30.741,25.866]],"v":[[9.384,-0.134],[-112.759,91.134]],"c":false}]},{"i":{"x":0.833,"y":0.833},"o":{"x":0.81,"y":0},"t":12,"s":[{"i":[[0,0],[76.25,-33.75]],"o":[[0,0],[-59.517,26.344]],"v":[[9.75,3.75],[-115.25,85.75]],"c":false}]},{"i":{"x":0.19,"y":1},"o":{"x":0.167,"y":0.167},"t":15,"s":[{"i":[[0,0],[34.509,-29.384]],"o":[[0,0],[-30.741,25.866]],"v":[[8.634,0.616],[-112.759,91.134]],"c":false}]},{"i":{"x":0.833,"y":0.833},"o":{"x":0.81,"y":0},"t":18,"s":[{"i":[[0,0],[76.25,-33.75]],"o":[[0,0],[-59.517,26.344]],"v":[[6.5,-2.25],[-115.25,85.75]],"c":false}]},{"i":{"x":0.19,"y":1},"o":{"x":0.167,"y":0.167},"t":21,"s":[{"i":[[0,0],[34.509,-29.384]],"o":[[0,0],[-30.741,25.866]],"v":[[5.134,1.116],[-112.759,91.134]],"c":false}]},{"t":24,"s":[{"i":[[0,0],[76.25,-33.75]],"o":[[0,0],[-59.517,26.344]],"v":[[5.25,5.25],[-115.25,85.75]],"c":false}]}],"ix":2},"nm":"Path 1","mn":"ADBE Vector Shape - Group","hd":false},{"ty":"st","c":{"a":0,"k":[0.113725497676,0.211764720842,0.36862745098,1],"ix":3},"o":{"a":0,"k":100,"ix":4},"w":{"a":0,"k":3,"ix":5},"lc":1,"lj":1,"ml":4,"bm":0,"nm":"Stroke 1","mn":"ADBE Vector Graphic - Stroke","hd":false},{"ty":"tr","p":{"a":0,"k":[0,0],"ix":2},"a":{"a":0,"k":[0,0],"ix":1},"s":{"a":0,"k":[100,100],"ix":3},"r":{"a":0,"k":0,"ix":6},"o":{"a":0,"k":100,"ix":7},"sk":{"a":0,"k":0,"ix":4},"sa":{"a":0,"k":0,"ix":5},"nm":"Transform"}],"nm":"Shape 1","np":3,"cix":2,"bm":0,"ix":1,"mn":"ADBE Vector Group","hd":false}],"ip":0,"op":120.8,"st":0,"bm":0},{"ddd":0,"ind":7,"ty":4,"nm":"f_hand","parent":8,"sr":1,"ks":{"o":{"a":0,"k":100,"ix":11},"r":{"a":1,"k":[{"i":{"x":[0.8],"y":[1]},"o":{"x":[0.8],"y":[0]},"t":0,"s":[-8.795]},{"i":{"x":[0.8],"y":[1]},"o":{"x":[0.8],"y":[0]},"t":12,"s":[-24.795]},{"t":24,"s":[-8.795]}],"ix":10},"p":{"a":0,"k":[687.255,537.659,0],"ix":2},"a":{"a":0,"k":[687.255,537.659,0],"ix":1},"s":{"a":0,"k":[100,100,100],"ix":6}},"ao":0,"shapes":[{"ty":"gr","it":[{"ty":"gr","it":[{"ind":0,"ty":"sh","ix":1,"ks":{"a":0,"k":{"i":[[0,0],[-2.488,-1.757],[0,0]],"o":[[0,0],[2.822,1.994],[0,0]],"v":[[-1.656,-6.768],[-1.47,4.775],[3.957,2.076]],"c":true},"ix":2},"nm":"Path 1","mn":"ADBE Vector Shape - Group","hd":false},{"ty":"fl","c":{"a":0,"k":[0.922999978065,0.681999981403,0.81099998951,1],"ix":4},"o":{"a":0,"k":100,"ix":5},"r":1,"bm":0,"nm":"Fill 1","mn":"ADBE Vector Graphic - Fill","hd":false},{"ty":"tr","p":{"a":0,"k":[682.513,541.058],"ix":2},"a":{"a":0,"k":[0,0],"ix":1},"s":{"a":0,"k":[100,100],"ix":3},"r":{"a":0,"k":0,"ix":6},"o":{"a":0,"k":100,"ix":7},"sk":{"a":0,"k":0,"ix":4},"sa":{"a":0,"k":0,"ix":5},"nm":"Transform"}],"nm":"Group 5","np":2,"cix":2,"bm":0,"ix":1,"mn":"ADBE Vector Group","hd":false},{"ty":"tr","p":{"a":0,"k":[683.179,540.308],"ix":2},"a":{"a":0,"k":[683.179,540.308],"ix":1},"s":{"a":0,"k":[100,100],"ix":3},"r":{"a":0,"k":0,"ix":6},"o":{"a":0,"k":100,"ix":7},"sk":{"a":0,"k":0,"ix":4},"sa":{"a":0,"k":0,"ix":5},"nm":"Transform"}],"nm":"BRIDJ_Fetching_Journeys_Dog_Walking_Illustration Outlines - Group 5","np":1,"cix":2,"bm":0,"ix":1,"mn":"ADBE Vector Group","hd":false},{"ty":"gr","it":[{"ty":"gr","it":[{"ind":0,"ty":"sh","ix":1,"ks":{"a":0,"k":{"i":[[0,0],[-7.279,-1.795],[0.748,9.988]],"o":[[0,0],[7.262,1.791],[0,0]],"v":[[-6.339,-12.756],[0.008,10.964],[4.775,-9.743]],"c":true},"ix":2},"nm":"Path 1","mn":"ADBE Vector Shape - Group","hd":false},{"ty":"fl","c":{"a":0,"k":[0.922999978065,0.681999981403,0.81099998951,1],"ix":4},"o":{"a":0,"k":100,"ix":5},"r":1,"bm":0,"nm":"Fill 1","mn":"ADBE Vector Graphic - Fill","hd":false},{"ty":"tr","p":{"a":0,"k":[690.11,548.89],"ix":2},"a":{"a":0,"k":[0,0],"ix":1},"s":{"a":0,"k":[100,100],"ix":3},"r":{"a":0,"k":0,"ix":6},"o":{"a":0,"k":100,"ix":7},"sk":{"a":0,"k":0,"ix":4},"sa":{"a":0,"k":0,"ix":5},"nm":"Transform"}],"nm":"Group 6","np":2,"cix":2,"bm":0,"ix":1,"mn":"ADBE Vector Group","hd":false},{"ty":"tr","p":{"a":0,"k":[689.678,548.081],"ix":2},"a":{"a":0,"k":[689.678,548.081],"ix":1},"s":{"a":0,"k":[100,100],"ix":3},"r":{"a":0,"k":0,"ix":6},"o":{"a":0,"k":100,"ix":7},"sk":{"a":0,"k":0,"ix":4},"sa":{"a":0,"k":0,"ix":5},"nm":"Transform"}],"nm":"BRIDJ_Fetching_Journeys_Dog_Walking_Illustration Outlines - Group 6","np":1,"cix":2,"bm":0,"ix":2,"mn":"ADBE Vector Group","hd":false}],"ip":0,"op":120.8,"st":0,"bm":0},{"ddd":0,"ind":8,"ty":4,"nm":"f_arm","parent":9,"sr":1,"ks":{"o":{"a":0,"k":100,"ix":11},"r":{"a":1,"k":[{"i":{"x":[0.667],"y":[1]},"o":{"x":[0.333],"y":[0]},"t":0,"s":[1.712]},{"i":{"x":[0.667],"y":[1]},"o":{"x":[0.333],"y":[0]},"t":12,"s":[-9.288]},{"t":24,"s":[1.712]}],"ix":10},"p":{"a":1,"k":[{"i":{"x":0.667,"y":1},"o":{"x":0.333,"y":0},"t":0,"s":[659.352,434.204,0],"to":[0,0,0],"ti":[0,0,0]},{"i":{"x":0.667,"y":1},"o":{"x":0.333,"y":0},"t":12,"s":[654.352,434.204,0],"to":[0,0,0],"ti":[0,0,0]},{"t":24,"s":[659.352,434.204,0]}],"ix":2},"a":{"a":0,"k":[659.352,430.204,0],"ix":1},"s":{"a":0,"k":[100,100,100],"ix":6}},"ao":0,"shapes":[{"ty":"gr","it":[{"ind":0,"ty":"sh","ix":1,"ks":{"a":0,"k":{"i":[[0.021,0.321],[0,0],[1.268,4.099],[0,0],[6.244,-3.578],[-0.229,-0.598],[0,0],[0,0],[0,0],[-0.358,0.062],[0,0]],"o":[[0,0],[-0.272,-4.282],[0,0],[-2.975,-9.643],[-6.244,3.578],[0,0],[0,0],[0,0],[0.041,0.361],[0,0],[0.317,-0.055]],"v":[[23.895,60.023],[20.71,9.965],[18.392,-2.65],[4.108,-48.837],[-18.502,-62.81],[-20.592,-46.023],[4.347,6.486],[4.371,6.481],[10.773,62.197],[11.509,62.748],[23.373,60.685]],"c":true},"ix":2},"nm":"Path 1","mn":"ADBE Vector Shape - Group","hd":false},{"ty":"fl","c":{"a":0,"k":[0.922999961703,0.681999954523,0.810999971278,1],"ix":4},"o":{"a":0,"k":100,"ix":5},"r":1,"bm":0,"nm":"Fill 1","mn":"ADBE Vector Graphic - Fill","hd":false},{"ty":"tr","p":{"a":0,"k":[671.362,483.23],"ix":2},"a":{"a":0,"k":[0,0],"ix":1},"s":{"a":0,"k":[100,100],"ix":3},"r":{"a":0,"k":0,"ix":6},"o":{"a":0,"k":100,"ix":7},"sk":{"a":0,"k":0,"ix":4},"sa":{"a":0,"k":0,"ix":5},"nm":"Transform"}],"nm":"Group 7","np":2,"cix":2,"bm":0,"ix":1,"mn":"ADBE Vector Group","hd":false}],"ip":0,"op":120.8,"st":0,"bm":0},{"ddd":0,"ind":9,"ty":4,"nm":"f_body","sr":1,"ks":{"o":{"a":0,"k":100,"ix":11},"r":{"a":0,"k":0,"ix":10},"p":{"a":1,"k":[{"i":{"x":0.667,"y":1},"o":{"x":0.333,"y":0},"t":0,"s":[632.283,502.895,0],"to":[0,0,0],"ti":[0,0,0]},{"i":{"x":0.667,"y":1},"o":{"x":0.333,"y":0},"t":5.6,"s":[632.283,494.895,0],"to":[0,0,0],"ti":[0,0,0]},{"i":{"x":0.667,"y":1},"o":{"x":0.333,"y":0},"t":12,"s":[632.283,502.895,0],"to":[0,0,0],"ti":[0,0,0]},{"i":{"x":0.667,"y":1},"o":{"x":0.333,"y":0},"t":18.4,"s":[632.283,494.895,0],"to":[0,0,0],"ti":[0,0,0]},{"t":24,"s":[632.283,502.895,0]}],"ix":2},"a":{"a":0,"k":[632.283,494.895,0],"ix":1},"s":{"a":0,"k":[100,100,100],"ix":6}},"ao":0,"shapes":[{"ty":"gr","it":[{"ind":0,"ty":"sh","ix":1,"ks":{"a":0,"k":{"i":[[2.771,0],[0,0],[0,2.169],[-0.18,0.45],[0,0],[0,0],[-0.24,0.97],[0,0],[-3.33,0],[0,0],[0,0]],"o":[[0,0],[-2.17,0],[0,-0.51],[0,0],[0,0],[0.381,-0.93],[0,0],[1.1,-3.15],[0,0],[0,0],[0.54,2.71]],"v":[[45.75,74.475],[-46.64,74.475],[-50.59,70.535],[-50.31,69.085],[-50.25,68.954],[-24.2,5.415],[-23.27,2.565],[-12.35,-69.45],[1.84,-74.475],[21.33,-74.475],[50.05,69.235]],"c":true},"ix":2},"nm":"Path 1","mn":"ADBE Vector Shape - Group","hd":false},{"ty":"fl","c":{"a":0,"k":[0,0.442999985639,0.475,1],"ix":4},"o":{"a":0,"k":100,"ix":5},"r":1,"bm":0,"nm":"Fill 1","mn":"ADBE Vector Graphic - Fill","hd":false},{"ty":"tr","p":{"a":0,"k":[635.01,494.895],"ix":2},"a":{"a":0,"k":[0,0],"ix":1},"s":{"a":1,"k":[{"i":{"x":[0.667,0.667],"y":[1,1]},"o":{"x":[0.333,0.333],"y":[0,0]},"t":0,"s":[100,100]},{"i":{"x":[0.667,0.667],"y":[1,1]},"o":{"x":[0.333,0.333],"y":[0,0]},"t":12,"s":[90,100]},{"t":24,"s":[100,100]}],"ix":3},"r":{"a":0,"k":0,"ix":6},"o":{"a":0,"k":100,"ix":7},"sk":{"a":0,"k":0,"ix":4},"sa":{"a":0,"k":0,"ix":5},"nm":"Transform"}],"nm":"Group 8","np":2,"cix":2,"bm":0,"ix":1,"mn":"ADBE Vector Group","hd":false}],"ip":0,"op":120.8,"st":0,"bm":0},{"ddd":0,"ind":10,"ty":4,"nm":"b_hand","parent":11,"sr":1,"ks":{"o":{"a":0,"k":100,"ix":11},"r":{"a":0,"k":0,"ix":10},"p":{"a":0,"k":[563.142,527.78,0],"ix":2},"a":{"a":0,"k":[563.142,527.78,0],"ix":1},"s":{"a":0,"k":[100,100,100],"ix":6}},"ao":0,"shapes":[{"ty":"gr","it":[{"ty":"gr","it":[{"ind":0,"ty":"sh","ix":1,"ks":{"a":0,"k":{"i":[[0,0],[-0.357,-2.51],[-0.963,0.25],[-1.83,2.141]],"o":[[0,0],[0.406,2.846],[0.963,-0.25],[0,0]],"v":[[1.289,-4.777],[-5.591,1.93],[-0.857,3.672],[5.948,-1.551]],"c":false},"ix":2},"nm":"Path 1","mn":"ADBE Vector Shape - Group","hd":false},{"ty":"fl","c":{"a":0,"k":[0.922999978065,0.681999981403,0.81099998951,1],"ix":4},"o":{"a":0,"k":100,"ix":5},"r":1,"bm":0,"nm":"Fill 1","mn":"ADBE Vector Graphic - Fill","hd":false},{"ty":"tr","p":{"a":0,"k":[553.38,532.374],"ix":2},"a":{"a":0,"k":[0,0],"ix":1},"s":{"a":0,"k":[100,100],"ix":3},"r":{"a":0,"k":0,"ix":6},"o":{"a":0,"k":100,"ix":7},"sk":{"a":0,"k":0,"ix":4},"sa":{"a":0,"k":0,"ix":5},"nm":"Transform"}],"nm":"Group 2","np":2,"cix":2,"bm":0,"ix":1,"mn":"ADBE Vector Group","hd":false},{"ty":"tr","p":{"a":0,"k":[553.552,531.98],"ix":2},"a":{"a":0,"k":[553.552,531.98],"ix":1},"s":{"a":0,"k":[100,100],"ix":3},"r":{"a":0,"k":0,"ix":6},"o":{"a":0,"k":100,"ix":7},"sk":{"a":0,"k":0,"ix":4},"sa":{"a":0,"k":0,"ix":5},"nm":"Transform"}],"nm":"BRIDJ_Fetching_Journeys_Dog_Walking_Illustration Outlines - Group 2","np":1,"cix":2,"bm":0,"ix":1,"mn":"ADBE Vector Group","hd":false},{"ty":"gr","it":[{"ty":"gr","it":[{"ind":0,"ty":"sh","ix":1,"ks":{"a":0,"k":{"i":[[0,-2.861],[0,0],[-2.861,0],[0,2.862],[0,0],[2.862,0]],"o":[[0,0],[0,2.862],[2.862,0],[0,0],[0,-2.861],[-2.861,0]],"v":[[-5.188,-3.004],[-5.188,3.003],[0,8.193],[5.188,3.003],[5.188,-3.004],[0,-8.192]],"c":true},"ix":2},"nm":"Path 1","mn":"ADBE Vector Shape - Group","hd":false},{"ind":1,"ty":"sh","ix":2,"ks":{"a":0,"k":{"i":[[0,4.668],[0,0],[-4.667,0],[0,-4.668],[0,0],[4.668,0]],"o":[[0,0],[0,-4.668],[4.668,0],[0,0],[0,4.668],[-4.667,0]],"v":[[-8.466,3.003],[-8.466,-3.004],[0,-11.469],[8.466,-3.004],[8.466,3.003],[0,11.469]],"c":true},"ix":2},"nm":"Path 2","mn":"ADBE Vector Shape - Group","hd":false},{"ty":"fl","c":{"a":0,"k":[0.11400000006,0.211999997497,0.368999987841,1],"ix":4},"o":{"a":0,"k":100,"ix":5},"r":1,"bm":0,"nm":"Fill 1","mn":"ADBE Vector Graphic - Fill","hd":false},{"ty":"tr","p":{"a":0,"k":[550.861,543.049],"ix":2},"a":{"a":0,"k":[0,0],"ix":1},"s":{"a":0,"k":[100,100],"ix":3},"r":{"a":0,"k":0,"ix":6},"o":{"a":0,"k":100,"ix":7},"sk":{"a":0,"k":0,"ix":4},"sa":{"a":0,"k":0,"ix":5},"nm":"Transform"}],"nm":"Group 3","np":3,"cix":2,"bm":0,"ix":1,"mn":"ADBE Vector Group","hd":false},{"ty":"tr","p":{"a":0,"k":[550.861,543.049],"ix":2},"a":{"a":0,"k":[550.861,543.049],"ix":1},"s":{"a":0,"k":[100,100],"ix":3},"r":{"a":0,"k":0,"ix":6},"o":{"a":0,"k":100,"ix":7},"sk":{"a":0,"k":0,"ix":4},"sa":{"a":0,"k":0,"ix":5},"nm":"Transform"}],"nm":"BRIDJ_Fetching_Journeys_Dog_Walking_Illustration Outlines - Group 3","np":1,"cix":2,"bm":0,"ix":2,"mn":"ADBE Vector Group","hd":false},{"ty":"gr","it":[{"ty":"gr","it":[{"ind":0,"ty":"sh","ix":1,"ks":{"a":0,"k":{"i":[[0,0],[-6.326,-7.908],[-9.557,9.994]],"o":[[0,0],[6.195,7.742],[0,0]],"v":[[9.792,-19.279],[-10.641,11.537],[16.967,-5.092]],"c":true},"ix":2},"nm":"Path 1","mn":"ADBE Vector Shape - Group","hd":false},{"ty":"fl","c":{"a":0,"k":[0.922999978065,0.681999981403,0.81099998951,1],"ix":4},"o":{"a":0,"k":100,"ix":5},"r":1,"bm":0,"nm":"Fill 1","mn":"ADBE Vector Graphic - Fill","hd":false},{"ty":"tr","p":{"a":0,"k":[553.463,538.322],"ix":2},"a":{"a":0,"k":[0,0],"ix":1},"s":{"a":0,"k":[100,100],"ix":3},"r":{"a":0,"k":0,"ix":6},"o":{"a":0,"k":100,"ix":7},"sk":{"a":0,"k":0,"ix":4},"sa":{"a":0,"k":0,"ix":5},"nm":"Transform"}],"nm":"Group 4","np":2,"cix":2,"bm":0,"ix":1,"mn":"ADBE Vector Group","hd":false},{"ty":"tr","p":{"a":0,"k":[556.142,535.552],"ix":2},"a":{"a":0,"k":[556.142,535.552],"ix":1},"s":{"a":0,"k":[100,100],"ix":3},"r":{"a":0,"k":0,"ix":6},"o":{"a":0,"k":100,"ix":7},"sk":{"a":0,"k":0,"ix":4},"sa":{"a":0,"k":0,"ix":5},"nm":"Transform"}],"nm":"BRIDJ_Fetching_Journeys_Dog_Walking_Illustration Outlines - Group 4","np":1,"cix":2,"bm":0,"ix":3,"mn":"ADBE Vector Group","hd":false}],"ip":0,"op":120.8,"st":0,"bm":0},{"ddd":0,"ind":11,"ty":4,"nm":"b_arm","parent":9,"sr":1,"ks":{"o":{"a":0,"k":100,"ix":11},"r":{"a":0,"k":0,"ix":10},"p":{"a":1,"k":[{"i":{"x":0.667,"y":1},"o":{"x":0.333,"y":0},"t":0,"s":[620.033,452.913,0],"to":[0,0,0],"ti":[0,0,0]},{"i":{"x":0.667,"y":1},"o":{"x":0.333,"y":0},"t":12,"s":[624.033,452.913,0],"to":[0,0,0],"ti":[0,0,0]},{"t":24,"s":[620.033,452.913,0]}],"ix":2},"a":{"a":0,"k":[620.033,452.913,0],"ix":1},"s":{"a":0,"k":[100,100,100],"ix":6}},"ao":0,"shapes":[{"ty":"gr","it":[{"ind":0,"ty":"sh","ix":1,"ks":{"a":0,"k":{"i":[[0,0],[0,0],[0,0],[0,0]],"o":[[0,0],[0,0],[0,0],[0,0]],"v":[[36.955,-57.228],[-36.955,47.618],[-25.299,57.228],[29.628,-1.151]],"c":true},"ix":2},"nm":"Path 1","mn":"ADBE Vector Shape - Group","hd":false},{"ty":"fl","c":{"a":0,"k":[0.922999961703,0.681999954523,0.810999971278,1],"ix":4},"o":{"a":0,"k":100,"ix":5},"r":1,"bm":0,"nm":"Fill 1","mn":"ADBE Vector Graphic - Fill","hd":false},{"ty":"tr","p":{"a":0,"k":[591.033,480.913],"ix":2},"a":{"a":0,"k":[0,0],"ix":1},"s":{"a":0,"k":[100,100],"ix":3},"r":{"a":0,"k":0,"ix":6},"o":{"a":0,"k":100,"ix":7},"sk":{"a":0,"k":0,"ix":4},"sa":{"a":0,"k":0,"ix":5},"nm":"Transform"}],"nm":"Group 9","np":2,"cix":2,"bm":0,"ix":1,"mn":"ADBE Vector Group","hd":false}],"ip":0,"op":120.8,"st":0,"bm":0},{"ddd":0,"ind":12,"ty":4,"nm":"Merged Shape Layer","sr":1,"ks":{"o":{"a":0,"k":100,"ix":11},"r":{"a":0,"k":0,"ix":10},"p":{"a":0,"k":[674.605,608.398,0],"ix":2},"a":{"a":0,"k":[674.605,608.398,0],"ix":1},"s":{"a":0,"k":[100,100,100],"ix":6}},"ao":0,"shapes":[{"ty":"gr","it":[{"ty":"gr","it":[{"ind":0,"ty":"sh","ix":1,"ks":{"a":1,"k":[{"i":{"x":0.833,"y":0.833},"o":{"x":0.167,"y":0.167},"t":0,"s":[{"i":[[0,0],[0,0],[3.993,11.668],[0,0],[0,0],[0,0],[-3.211,-5.409]],"o":[[0,0],[0,0],[0,0],[0,0],[0,0],[1.22,6.171],[0,0]],"v":[[47.604,75.847],[30.484,97.123],[-27.565,13.878],[-47.604,-78.843],[-0.783,-97.123],[5.923,-0.399],[12.618,17.098]],"c":true}]},{"i":{"x":0.667,"y":1},"o":{"x":0.333,"y":0},"t":4,"s":[{"i":[[0,0],[0,0],[-0.103,11.254],[0,0],[0,0],[0,0],[-3.585,-4.483]],"o":[[0,0],[0,0],[0,0],[0,0],[0,0],[-0.822,5.681],[0,0]],"v":[[28.247,47.41],[17.901,70.083],[-52.047,0.089],[-41.164,-85.794],[0.48,-87.324],[-18.892,-2.04],[-15.505,4.991]],"c":true}]},{"i":{"x":0.77,"y":1},"o":{"x":0.333,"y":0},"t":12,"s":[{"i":[[0,0],[0,0],[-6.247,10.633],[0,0],[0,0],[0,0],[2.01,-5.961]],"o":[[0,0],[0,0],[0,0],[0,0],[0,0],[-3.885,4.947],[0,0]],"v":[[-91.28,80.805],[-114.075,74.186],[-75.769,-13.594],[-45.505,-75.722],[-13.625,-57.625],[-43.115,2.499],[-52.023,18.981]],"c":true}]},{"t":24,"s":[{"i":[[0,0],[0,0],[3.993,11.668],[0,0],[0,0],[0,0],[-3.211,-5.409]],"o":[[0,0],[0,0],[0,0],[0,0],[0,0],[1.22,6.171],[0,0]],"v":[[47.604,75.847],[30.484,97.123],[-27.565,13.878],[-47.604,-78.843],[-0.783,-97.123],[5.923,-0.399],[12.618,17.098]],"c":true}]}],"ix":2},"nm":"Path 1","mn":"ADBE Vector Shape - Group","hd":false},{"ty":"fl","c":{"a":0,"k":[0.98400002718,0.702000021935,0.277999997139,1],"ix":4},"o":{"a":0,"k":100,"ix":5},"r":1,"bm":0,"nm":"Fill 1","mn":"ADBE Vector Graphic - Fill","hd":false},{"ty":"tr","p":{"a":0,"k":[667.63,600.002],"ix":2},"a":{"a":0,"k":[0,0],"ix":1},"s":{"a":0,"k":[100,100],"ix":3},"r":{"a":0,"k":0,"ix":6},"o":{"a":0,"k":100,"ix":7},"sk":{"a":0,"k":0,"ix":4},"sa":{"a":0,"k":0,"ix":5},"nm":"Transform"}],"nm":"Group 10","np":2,"cix":2,"bm":0,"ix":1,"mn":"ADBE Vector Group","hd":false},{"ty":"tr","p":{"a":0,"k":[648.13,536.002],"ix":2},"a":{"a":0,"k":[648.13,536.002],"ix":1},"s":{"a":0,"k":[100,100],"ix":3},"r":{"a":0,"k":0,"ix":6},"o":{"a":0,"k":100,"ix":7},"sk":{"a":0,"k":0,"ix":4},"sa":{"a":0,"k":0,"ix":5},"nm":"Transform"}],"nm":"f_leg1","np":1,"cix":2,"bm":0,"ix":1,"mn":"ADBE Vector Group","hd":false},{"ty":"gr","it":[{"ty":"gr","it":[{"ind":0,"ty":"sh","ix":1,"ks":{"a":1,"k":[{"i":{"x":0.833,"y":0.833},"o":{"x":0.167,"y":0.167},"t":0,"s":[{"i":[[1.345,-1.35],[0,0],[-0.743,1.992],[-1.306,2.612],[0.781,0.873],[0,0],[0,0],[0,0]],"o":[[0,0],[-1.506,-1.501],[0.724,-1.941],[0.523,-1.048],[0,0],[0,0],[0,0],[1.349,1.345]],"v":[[7.881,-1.995],[-7.232,13.169],[-8.482,7.437],[-4.063,-1.964],[-4.49,-5.143],[-5.414,-6.177],[1.555,-13.169],[7.872,-6.872]],"c":true}]},{"i":{"x":0.667,"y":1},"o":{"x":0.333,"y":0},"t":4,"s":[{"i":[[0.996,-1.625],[0,0],[-0.262,2.11],[-0.664,2.844],[0.962,0.669],[0,0],[0,0],[0,0]],"o":[[0,0],[-1.812,-1.112],[0.255,-2.056],[0.266,-1.141],[0,0],[0,0],[0,0],[1.624,0.996]],"v":[[-3.228,-27.533],[-14.421,-9.284],[-16.964,-14.572],[-14.841,-24.74],[-15.992,-27.734],[-17.13,-28.526],[-11.968,-36.941],[-4.364,-32.277]],"c":true}]},{"i":{"x":0.77,"y":1},"o":{"x":0.333,"y":0},"t":12,"s":[{"i":[[1.809,0.6],[0,0],[-2.114,0.226],[-2.92,0.002],[-0.432,1.089],[0,0],[0,0],[0,0]],"o":[[0,0],[0.669,-2.018],[2.06,-0.22],[1.171,-0.001],[0,0],[0,0],[0,0],[-0.6,1.808]],"v":[[-165.525,4.274],[-185.845,-2.464],[-181.276,-6.146],[-170.892,-6.396],[-168.239,-8.2],[-167.727,-9.488],[-158.357,-6.38],[-161.165,2.086]],"c":true}]},{"t":24,"s":[{"i":[[1.345,-1.35],[0,0],[-0.743,1.992],[-1.306,2.612],[0.781,0.873],[0,0],[0,0],[0,0]],"o":[[0,0],[-1.506,-1.501],[0.724,-1.941],[0.523,-1.048],[0,0],[0,0],[0,0],[1.349,1.345]],"v":[[7.881,-1.995],[-7.232,13.169],[-8.482,7.437],[-4.063,-1.964],[-4.49,-5.143],[-5.414,-6.177],[1.555,-13.169],[7.872,-6.872]],"c":true}]}],"ix":2},"nm":"Path 1","mn":"ADBE Vector Shape - Group","hd":false},{"ty":"fl","c":{"a":0,"k":[0,0.725000023842,0.740999996662,1],"ix":4},"o":{"a":0,"k":100,"ix":5},"r":1,"bm":0,"nm":"Fill 1","mn":"ADBE Vector Graphic - Fill","hd":false},{"ty":"tr","p":{"a":0,"k":[720.297,700.748],"ix":2},"a":{"a":0,"k":[0,0],"ix":1},"s":{"a":0,"k":[100,100],"ix":3},"r":{"a":0,"k":0,"ix":6},"o":{"a":0,"k":100,"ix":7},"sk":{"a":0,"k":0,"ix":4},"sa":{"a":0,"k":0,"ix":5},"nm":"Transform"}],"nm":"Group 12","np":2,"cix":2,"bm":0,"ix":1,"mn":"ADBE Vector Group","hd":false},{"ty":"tr","p":{"a":0,"k":[717.828,690.748],"ix":2},"a":{"a":0,"k":[717.828,690.748],"ix":1},"s":{"a":0,"k":[100,100],"ix":3},"r":{"a":0,"k":0,"ix":6},"o":{"a":0,"k":100,"ix":7},"sk":{"a":0,"k":0,"ix":4},"sa":{"a":0,"k":0,"ix":5},"nm":"Transform"}],"nm":"f_foot1","np":1,"cix":2,"bm":0,"ix":2,"mn":"ADBE Vector Group","hd":false},{"ty":"gr","it":[{"ty":"gr","it":[{"ind":0,"ty":"sh","ix":1,"ks":{"a":1,"k":[{"i":{"x":0.833,"y":0.833},"o":{"x":0.167,"y":0.167},"t":0,"s":[{"i":[[0,0],[0,0],[0,0],[0,0]],"o":[[0,0],[0,0],[0,0],[0,0]],"v":[[11.987,6.829],[5.326,13.513],[-11.987,-3.741],[-4.452,-13.513]],"c":true}]},{"i":{"x":0.667,"y":1},"o":{"x":0.333,"y":0},"t":4,"s":[{"i":[[0,0],[0,0],[0,0],[0,0]],"o":[[0,0],[0,0],[0,0],[0,0]],"v":[[-1.321,-17.214],[-6.255,-9.171],[-27.091,-21.95],[-22.021,-33.201]],"c":true}]},{"i":{"x":0.77,"y":1},"o":{"x":0.333,"y":0},"t":12,"s":[{"i":[[0,0],[0,0],[0,0],[0,0]],"o":[[0,0],[0,0],[0,0],[0,0]],"v":[[-149.445,13.98],[-158.402,11.01],[-150.708,-12.191],[-138.598,-9.819]],"c":true}]},{"t":24,"s":[{"i":[[0,0],[0,0],[0,0],[0,0]],"o":[[0,0],[0,0],[0,0],[0,0]],"v":[[11.987,6.829],[5.326,13.513],[-11.987,-3.741],[-4.452,-13.513]],"c":true}]}],"ix":2},"nm":"Path 1","mn":"ADBE Vector Shape - Group","hd":false},{"ty":"fl","c":{"a":0,"k":[0.922999978065,0.681999981403,0.81099998951,1],"ix":4},"o":{"a":0,"k":100,"ix":5},"r":1,"bm":0,"nm":"Fill 1","mn":"ADBE Vector Graphic - Fill","hd":false},{"ty":"tr","p":{"a":0,"k":[710.917,681.799],"ix":2},"a":{"a":0,"k":[0,0],"ix":1},"s":{"a":0,"k":[100,100],"ix":3},"r":{"a":0,"k":0,"ix":6},"o":{"a":0,"k":100,"ix":7},"sk":{"a":0,"k":0,"ix":4},"sa":{"a":0,"k":0,"ix":5},"nm":"Transform"}],"nm":"Group 13","np":2,"cix":2,"bm":0,"ix":1,"mn":"ADBE Vector Group","hd":false},{"ty":"tr","p":{"a":0,"k":[701.917,672.799],"ix":2},"a":{"a":0,"k":[701.917,672.799],"ix":1},"s":{"a":0,"k":[100,100],"ix":3},"r":{"a":0,"k":0,"ix":6},"o":{"a":0,"k":100,"ix":7},"sk":{"a":0,"k":0,"ix":4},"sa":{"a":0,"k":0,"ix":5},"nm":"Transform"}],"nm":"f_leg2","np":1,"cix":2,"bm":0,"ix":3,"mn":"ADBE Vector Group","hd":false}],"ip":0,"op":120.8,"st":0,"bm":0},{"ddd":0,"ind":13,"ty":4,"nm":"Merged Shape Layer","sr":1,"ks":{"o":{"a":0,"k":100,"ix":11},"r":{"a":0,"k":0,"ix":10},"p":{"a":0,"k":[597.792,605.284,0],"ix":2},"a":{"a":0,"k":[597.792,605.284,0],"ix":1},"s":{"a":0,"k":[100,100,100],"ix":6}},"ao":0,"shapes":[{"ty":"gr","it":[{"ty":"gr","it":[{"ind":0,"ty":"sh","ix":1,"ks":{"a":1,"k":[{"i":{"x":0.667,"y":1},"o":{"x":0.167,"y":0.167},"t":0,"s":[{"i":[[0,0],[0,0],[-10.527,22.543],[0,0],[0,0],[0,0]],"o":[[0,0],[0,0],[0,0],[0,0],[0,0],[0,0]],"v":[[-32.132,92.486],[-52.069,81.02],[-20.376,-29.987],[12.539,-92.486],[52.07,-82.694],[1.243,23.05]],"c":true}]},{"i":{"x":0.833,"y":0.833},"o":{"x":0.333,"y":0},"t":12,"s":[{"i":[[0,0],[0,0],[7.309,22.969],[0,0],[0,0],[0,0]],"o":[[0,0],[0,0],[0,0],[0,0],[0,0],[0,0]],"v":[[96.165,73.516],[75.23,81.543],[13.283,-14.596],[10.675,-60.726],[41.26,-79.716],[63.381,4.646]],"c":true}]},{"i":{"x":0.77,"y":1},"o":{"x":0.333,"y":0},"t":16,"s":[{"i":[[0,0],[0,0],[-1.21,22.766],[0,0],[0,0],[0,0]],"o":[[0,0],[0,0],[0,0],[0,0],[0,0],[0,0]],"v":[[83.309,51.984],[66.408,64.573],[-2.793,-21.947],[3.729,-86.343],[40.676,-91.586],[33.102,-5.954]],"c":true}]},{"t":24,"s":[{"i":[[0,0],[0,0],[-10.527,22.543],[0,0],[0,0],[0,0]],"o":[[0,0],[0,0],[0,0],[0,0],[0,0],[0,0]],"v":[[-32.132,92.486],[-52.069,81.02],[-20.376,-29.987],[12.539,-92.486],[52.07,-82.694],[1.243,23.05]],"c":true}]}],"ix":2},"nm":"Path 1","mn":"ADBE Vector Shape - Group","hd":false},{"ty":"fl","c":{"a":0,"k":[0.98400002718,0.702000021935,0.277999997139,1],"ix":4},"o":{"a":0,"k":100,"ix":5},"r":1,"bm":0,"nm":"Fill 1","mn":"ADBE Vector Graphic - Fill","hd":false},{"ty":"tr","p":{"a":0,"k":[608.88,595.365],"ix":2},"a":{"a":0,"k":[0,0],"ix":1},"s":{"a":0,"k":[100,100],"ix":3},"r":{"a":0,"k":0,"ix":6},"o":{"a":0,"k":100,"ix":7},"sk":{"a":0,"k":0,"ix":4},"sa":{"a":0,"k":0,"ix":5},"nm":"Transform"}],"nm":"Group 11","np":2,"cix":2,"bm":0,"ix":1,"mn":"ADBE Vector Group","hd":false},{"ty":"tr","p":{"a":0,"k":[624.88,533.365],"ix":2},"a":{"a":0,"k":[624.88,533.365],"ix":1},"s":{"a":0,"k":[100,100],"ix":3},"r":{"a":0,"k":0,"ix":6},"o":{"a":0,"k":100,"ix":7},"sk":{"a":0,"k":0,"ix":4},"sa":{"a":0,"k":0,"ix":5},"nm":"Transform"}],"nm":"b_leg1","np":1,"cix":2,"bm":0,"ix":1,"mn":"ADBE Vector Group","hd":false},{"ty":"gr","it":[{"ty":"gr","it":[{"ind":0,"ty":"sh","ix":1,"ks":{"a":1,"k":[{"i":{"x":0.667,"y":1},"o":{"x":0.167,"y":0.167},"t":0,"s":[{"i":[[1.81,0.595],[0,0],[-2.113,0.232],[-2.919,0.008],[-0.429,1.091],[0,0],[0,0],[0,0]],"o":[[0,0],[0.663,-2.02],[2.059,-0.226],[1.171,-0.003],[0,0],[0,0],[0,0],[-0.594,1.809]],"v":[[6.602,6.581],[-13.738,-0.099],[-9.18,-3.794],[1.204,-4.075],[3.852,-5.885],[4.36,-7.175],[13.739,-4.094],[10.955,4.381]],"c":true}]},{"i":{"x":0.833,"y":0.833},"o":{"x":0.333,"y":0},"t":12,"s":[{"i":[[1.572,-1.076],[0,0],[-1.1,1.819],[-1.768,2.323],[0.606,1.004],[0,0],[0,0],[0,0]],"o":[[0,0],[-1.201,-1.754],[1.072,-1.773],[0.709,-0.932],[0,0],[0,0],[0,0],[1.076,1.571]],"v":[[166.18,-2.467],[148.514,9.626],[148.349,3.761],[154.438,-4.656],[154.609,-7.859],[153.893,-9.046],[162.039,-14.622],[167.078,-7.261]],"c":true}]},{"i":{"x":0.77,"y":1},"o":{"x":0.333,"y":0},"t":16,"s":[{"i":[[1.266,-1.424],[0,0],[-0.628,2.031],[-1.154,2.681],[0.83,0.828],[0,0],[0,0],[0,0]],"o":[[0,0],[-1.589,-1.412],[0.612,-1.979],[0.463,-1.076],[0,0],[0,0],[0,0],[1.423,1.265]],"v":[[160.162,-27.549],[145.942,-11.544],[144.365,-17.196],[148.239,-26.835],[147.631,-29.984],[146.649,-30.964],[153.207,-38.343],[159.875,-32.417]],"c":true}]},{"t":24,"s":[{"i":[[1.81,0.595],[0,0],[-2.113,0.232],[-2.919,0.008],[-0.429,1.091],[0,0],[0,0],[0,0]],"o":[[0,0],[0.663,-2.02],[2.059,-0.226],[1.171,-0.003],[0,0],[0,0],[0,0],[-0.594,1.809]],"v":[[6.602,6.581],[-13.738,-0.099],[-9.18,-3.794],[1.204,-4.075],[3.852,-5.885],[4.36,-7.175],[13.739,-4.094],[10.955,4.381]],"c":true}]}],"ix":2},"nm":"Path 1","mn":"ADBE Vector Shape - Group","hd":false},{"ty":"fl","c":{"a":0,"k":[0,0.725000023842,0.740999996662,1],"ix":4},"o":{"a":0,"k":100,"ix":5},"r":1,"bm":0,"nm":"Fill 1","mn":"ADBE Vector Graphic - Fill","hd":false},{"ty":"tr","p":{"a":0,"k":[548.373,700.936],"ix":2},"a":{"a":0,"k":[0,0],"ix":1},"s":{"a":0,"k":[100,100],"ix":3},"r":{"a":0,"k":0,"ix":6},"o":{"a":0,"k":100,"ix":7},"sk":{"a":0,"k":0,"ix":4},"sa":{"a":0,"k":0,"ix":5},"nm":"Transform"}],"nm":"Group 14","np":2,"cix":2,"bm":0,"ix":1,"mn":"ADBE Vector Group","hd":false},{"ty":"tr","p":{"a":0,"k":[557.373,695.225],"ix":2},"a":{"a":0,"k":[557.373,695.225],"ix":1},"s":{"a":0,"k":[100,100],"ix":3},"r":{"a":0,"k":0,"ix":6},"o":{"a":0,"k":100,"ix":7},"sk":{"a":0,"k":0,"ix":4},"sa":{"a":0,"k":0,"ix":5},"nm":"Transform"}],"nm":"b_foot","np":1,"cix":2,"bm":0,"ix":2,"mn":"ADBE Vector Group","hd":false},{"ty":"gr","it":[{"ty":"gr","it":[{"ind":0,"ty":"sh","ix":1,"ks":{"a":1,"k":[{"i":{"x":0.667,"y":1},"o":{"x":0.167,"y":0.167},"t":0,"s":[{"i":[[0,0],[0,0],[0,0],[0,0]],"o":[[0,0],[0,0],[0,0],[0,0]],"v":[[-0.906,13.083],[-9.871,10.14],[-2.244,-13.083],[9.872,-10.747]],"c":true}]},{"i":{"x":0.833,"y":0.833},"o":{"x":0.333,"y":0},"t":12,"s":[{"i":[[0,0],[0,0],[0,0],[0,0]],"o":[[0,0],[0,0],[0,0],[0,0]],"v":[[148.698,2.37],[140.912,7.701],[127.104,-12.469],[136.322,-20.672]],"c":true}]},{"i":{"x":0.77,"y":1},"o":{"x":0.333,"y":0},"t":16,"s":[{"i":[[0,0],[0,0],[0,0],[0,0]],"o":[[0,0],[0,0],[0,0],[0,0]],"v":[[140.137,-21.59],[133.87,-14.536],[115.598,-30.771],[122.56,-40.958]],"c":true}]},{"t":24,"s":[{"i":[[0,0],[0,0],[0,0],[0,0]],"o":[[0,0],[0,0],[0,0],[0,0]],"v":[[-0.906,13.083],[-9.871,10.14],[-2.244,-13.083],[9.872,-10.747]],"c":true}]}],"ix":2},"nm":"Path 1","mn":"ADBE Vector Shape - Group","hd":false},{"ty":"fl","c":{"a":0,"k":[0.922999978065,0.681999981403,0.81099998951,1],"ix":4},"o":{"a":0,"k":100,"ix":5},"r":1,"bm":0,"nm":"Fill 1","mn":"ADBE Vector Graphic - Fill","hd":false},{"ty":"tr","p":{"a":0,"k":[562.554,685.17],"ix":2},"a":{"a":0,"k":[0,0],"ix":1},"s":{"a":0,"k":[100,100],"ix":3},"r":{"a":0,"k":0,"ix":6},"o":{"a":0,"k":100,"ix":7},"sk":{"a":0,"k":0,"ix":4},"sa":{"a":0,"k":0,"ix":5},"nm":"Transform"}],"nm":"Group 15","np":2,"cix":2,"bm":0,"ix":1,"mn":"ADBE Vector Group","hd":false},{"ty":"tr","p":{"a":0,"k":[566.054,673.17],"ix":2},"a":{"a":0,"k":[566.054,673.17],"ix":1},"s":{"a":0,"k":[100,100],"ix":3},"r":{"a":0,"k":0,"ix":6},"o":{"a":0,"k":100,"ix":7},"sk":{"a":0,"k":0,"ix":4},"sa":{"a":0,"k":0,"ix":5},"nm":"Transform"}],"nm":"b_leg2","np":1,"cix":2,"bm":0,"ix":3,"mn":"ADBE Vector Group","hd":false}],"ip":0,"op":120.8,"st":0,"bm":0},{"ddd":0,"ind":14,"ty":4,"nm":"Merged Shape Layer","parent":9,"sr":1,"ks":{"o":{"a":0,"k":100,"ix":11},"r":{"a":0,"k":0,"ix":10},"p":{"a":1,"k":[{"i":{"x":0.833,"y":0.833},"o":{"x":0.167,"y":0.167},"t":0,"s":[650.487,494.897,0],"to":[0,0,0],"ti":[0,0,0]},{"i":{"x":0.833,"y":0.833},"o":{"x":0.167,"y":0.167},"t":12,"s":[644.487,494.897,0],"to":[0,0,0],"ti":[0,0,0]},{"t":24,"s":[650.487,494.897,0]}],"ix":2},"a":{"a":0,"k":[650.487,494.897,0],"ix":1},"s":{"a":0,"k":[100,100,100],"ix":6}},"ao":0,"shapes":[{"ty":"gr","it":[{"ty":"gr","it":[{"ind":0,"ty":"sh","ix":1,"ks":{"a":0,"k":{"i":[[5.23,0],[0,0],[0,0],[0,0],[0,0]],"o":[[0,0],[0,0],[0,0],[0,0],[0.531,5.204]],"v":[[5.946,38.284],[-15.259,38.284],[-9.486,-39.784],[7.655,-41.034],[14.728,28.56]],"c":true},"ix":2},"nm":"Path 1","mn":"ADBE Vector Shape - Group","hd":false},{"ty":"fl","c":{"a":0,"k":[0,0.442999988794,0.47499999404,1],"ix":4},"o":{"a":0,"k":100,"ix":5},"r":1,"bm":0,"nm":"Fill 1","mn":"ADBE Vector Graphic - Fill","hd":false},{"ty":"tr","p":{"a":0,"k":[672.622,531.089],"ix":2},"a":{"a":0,"k":[0,0],"ix":1},"s":{"a":0,"k":[100,100],"ix":3},"r":{"a":0,"k":0,"ix":6},"o":{"a":0,"k":100,"ix":7},"sk":{"a":0,"k":0,"ix":4},"sa":{"a":0,"k":0,"ix":5},"nm":"Transform"}],"nm":"Group 16","np":2,"cix":2,"bm":0,"ix":1,"mn":"ADBE Vector Group","hd":false},{"ty":"tr","p":{"a":0,"k":[672.38,531.089],"ix":2},"a":{"a":0,"k":[672.38,531.089],"ix":1},"s":{"a":0,"k":[100,100],"ix":3},"r":{"a":0,"k":0,"ix":6},"o":{"a":0,"k":100,"ix":7},"sk":{"a":0,"k":0,"ix":4},"sa":{"a":0,"k":0,"ix":5},"nm":"Transform"}],"nm":"back_dress","np":1,"cix":2,"bm":0,"ix":1,"mn":"ADBE Vector Group","hd":false},{"ty":"gr","it":[{"ty":"gr","it":[{"ind":0,"ty":"sh","ix":1,"ks":{"a":0,"k":{"i":[[0,0],[0,0],[0,0],[-1.708,0],[-1.303,-10.157]],"o":[[0,0],[0,0],[-0.216,-1.695],[10.241,0],[0,0]],"v":[[15.117,36.191],[-2.275,36.191],[-14.901,-32.996],[-12.089,-36.191],[8.102,-18.427]],"c":true},"ix":2},"nm":"Path 1","mn":"ADBE Vector Shape - Group","hd":false},{"ty":"fl","c":{"a":0,"k":[0,0.442999988794,0.47499999404,1],"ix":4},"o":{"a":0,"k":100,"ix":5},"r":1,"bm":0,"nm":"Fill 1","mn":"ADBE Vector Graphic - Fill","hd":false},{"ty":"tr","p":{"a":0,"k":[665.411,456.612],"ix":2},"a":{"a":0,"k":[0,0],"ix":1},"s":{"a":0,"k":[100,100],"ix":3},"r":{"a":0,"k":0,"ix":6},"o":{"a":0,"k":100,"ix":7},"sk":{"a":0,"k":0,"ix":4},"sa":{"a":0,"k":0,"ix":5},"nm":"Transform"}],"nm":"Group 17","np":2,"cix":2,"bm":0,"ix":1,"mn":"ADBE Vector Group","hd":false},{"ty":"tr","p":{"a":0,"k":[665.507,456.612],"ix":2},"a":{"a":0,"k":[665.507,456.612],"ix":1},"s":{"a":0,"k":[100,100],"ix":3},"r":{"a":0,"k":0,"ix":6},"o":{"a":0,"k":100,"ix":7},"sk":{"a":0,"k":0,"ix":4},"sa":{"a":0,"k":0,"ix":5},"nm":"Transform"}],"nm":"back dress","np":1,"cix":2,"bm":0,"ix":2,"mn":"ADBE Vector Group","hd":false}],"ip":0,"op":120.8,"st":0,"bm":0},{"ddd":0,"ind":15,"ty":4,"nm":"head","parent":16,"sr":1,"ks":{"o":{"a":0,"k":100,"ix":11},"r":{"a":1,"k":[{"i":{"x":[0.667],"y":[1]},"o":{"x":[0.333],"y":[0]},"t":0,"s":[0]},{"i":{"x":[0.667],"y":[1]},"o":{"x":[0.333],"y":[0]},"t":5.6,"s":[7]},{"i":{"x":[0.667],"y":[1]},"o":{"x":[0.333],"y":[0]},"t":12,"s":[0]},{"i":{"x":[0.667],"y":[1]},"o":{"x":[0.333],"y":[0]},"t":18.4,"s":[7]},{"t":24,"s":[0]}],"ix":10},"p":{"a":0,"k":[644.045,404.093,0],"ix":2},"a":{"a":0,"k":[644.045,404.093,0],"ix":1},"s":{"a":0,"k":[100,100,100],"ix":6}},"ao":0,"shapes":[{"ty":"gr","it":[{"ty":"gr","it":[{"ind":0,"ty":"sh","ix":1,"ks":{"a":0,"k":{"i":[[0,-3.573],[-3.573,0],[0,3.573],[3.573,0]],"o":[[0,3.573],[3.573,0],[0,-3.573],[-3.573,0]],"v":[[-6.469,-0.001],[0,6.47],[6.469,-0.001],[0,-6.47]],"c":true},"ix":2},"nm":"Path 1","mn":"ADBE Vector Shape - Group","hd":false},{"ty":"fl","c":{"a":0,"k":[0.922999978065,0.681999981403,0.81099998951,1],"ix":4},"o":{"a":0,"k":100,"ix":5},"r":1,"bm":0,"nm":"Fill 1","mn":"ADBE Vector Graphic - Fill","hd":false},{"ty":"tr","p":{"a":0,"k":[650.382,391.426],"ix":2},"a":{"a":0,"k":[0,0],"ix":1},"s":{"a":0,"k":[100,100],"ix":3},"r":{"a":0,"k":0,"ix":6},"o":{"a":0,"k":100,"ix":7},"sk":{"a":0,"k":0,"ix":4},"sa":{"a":0,"k":0,"ix":5},"nm":"Transform"}],"nm":"Group 18","np":2,"cix":2,"bm":0,"ix":1,"mn":"ADBE Vector Group","hd":false},{"ty":"tr","p":{"a":0,"k":[650.382,391.426],"ix":2},"a":{"a":0,"k":[650.382,391.426],"ix":1},"s":{"a":0,"k":[100,100],"ix":3},"r":{"a":0,"k":0,"ix":6},"o":{"a":0,"k":100,"ix":7},"sk":{"a":0,"k":0,"ix":4},"sa":{"a":0,"k":0,"ix":5},"nm":"Transform"}],"nm":"BRIDJ_Fetching_Journeys_Dog_Walking_Illustration Outlines - Group 18","np":1,"cix":2,"bm":0,"ix":1,"mn":"ADBE Vector Group","hd":false},{"ty":"gr","it":[{"ty":"gr","it":[{"ind":0,"ty":"sh","ix":1,"ks":{"a":0,"k":{"i":[[-0.186,0.01],[-2.072,0.466],[-1.133,0],[-0.62,0.184],[0,0],[0,-6.907],[3.742,-3.349],[1.001,-0.728],[0,0],[0,0],[0.308,0.569]],"o":[[1.896,-0.105],[0.81,0.407],[0.74,0],[0,0],[5.64,3.114],[0,5.418],[-0.833,0.912],[0,0],[0,0],[-0.437,-0.501],[0.185,-0.004]],"v":[[-13.947,-18.841],[-7.91,-19.81],[-5.003,-19.164],[-2.966,-19.453],[4.666,-14.227],[14.134,1.786],[8.026,15.416],[7.87,19.81],[-2.001,-6.008],[-13.407,-17.207],[-12.243,-16.464]],"c":true},"ix":2},"nm":"Path 1","mn":"ADBE Vector Shape - Group","hd":false},{"ty":"fl","c":{"a":0,"k":[1,0.430999994278,0.545000016689,1],"ix":4},"o":{"a":0,"k":100,"ix":5},"r":1,"bm":0,"nm":"Fill 1","mn":"ADBE Vector Graphic - Fill","hd":false},{"ty":"tr","p":{"a":0,"k":[647.824,391.093],"ix":2},"a":{"a":0,"k":[0,0],"ix":1},"s":{"a":0,"k":[100,100],"ix":3},"r":{"a":0,"k":0,"ix":6},"o":{"a":0,"k":100,"ix":7},"sk":{"a":0,"k":0,"ix":4},"sa":{"a":0,"k":0,"ix":5},"nm":"Transform"}],"nm":"Group 20","np":2,"cix":2,"bm":0,"ix":1,"mn":"ADBE Vector Group","hd":false},{"ty":"tr","p":{"a":0,"k":[647.912,391.093],"ix":2},"a":{"a":0,"k":[647.912,391.093],"ix":1},"s":{"a":0,"k":[100,100],"ix":3},"r":{"a":0,"k":0,"ix":6},"o":{"a":0,"k":100,"ix":7},"sk":{"a":0,"k":0,"ix":4},"sa":{"a":0,"k":0,"ix":5},"nm":"Transform"}],"nm":"BRIDJ_Fetching_Journeys_Dog_Walking_Illustration Outlines - Group 20","np":1,"cix":2,"bm":0,"ix":2,"mn":"ADBE Vector Group","hd":false},{"ty":"gr","it":[{"ty":"gr","it":[{"ind":0,"ty":"sh","ix":1,"ks":{"a":0,"k":{"i":[[-0.512,-9.042],[-7.891,-0.699],[-3.041,2.218],[0,5.382],[8.941,0],[0.339,-0.024]],"o":[[0.449,7.909],[4.126,0.365],[4.039,-2.941],[0,-8.953],[-0.339,0],[-8.783,0.544]],"v":[[-15.927,0.803],[-1.235,15.98],[9.773,12.953],[16.439,-0.145],[0.249,-16.346],[-0.779,-16.31]],"c":true},"ix":2},"nm":"Path 1","mn":"ADBE Vector Shape - Group","hd":false},{"ty":"fl","c":{"a":0,"k":[0.922999978065,0.681999981403,0.81099998951,1],"ix":4},"o":{"a":0,"k":100,"ix":5},"r":1,"bm":0,"nm":"Fill 1","mn":"ADBE Vector Graphic - Fill","hd":false},{"ty":"tr","p":{"a":0,"k":[641.086,394.657],"ix":2},"a":{"a":0,"k":[0,0],"ix":1},"s":{"a":0,"k":[100,100],"ix":3},"r":{"a":0,"k":0,"ix":6},"o":{"a":0,"k":100,"ix":7},"sk":{"a":0,"k":0,"ix":4},"sa":{"a":0,"k":0,"ix":5},"nm":"Transform"}],"nm":"Group 21","np":2,"cix":2,"bm":0,"ix":1,"mn":"ADBE Vector Group","hd":false},{"ty":"tr","p":{"a":0,"k":[641.329,394.507],"ix":2},"a":{"a":0,"k":[641.329,394.507],"ix":1},"s":{"a":0,"k":[100,100],"ix":3},"r":{"a":0,"k":0,"ix":6},"o":{"a":0,"k":100,"ix":7},"sk":{"a":0,"k":0,"ix":4},"sa":{"a":0,"k":0,"ix":5},"nm":"Transform"}],"nm":"BRIDJ_Fetching_Journeys_Dog_Walking_Illustration Outlines - Group 21","np":1,"cix":2,"bm":0,"ix":3,"mn":"ADBE Vector Group","hd":false}],"ip":0,"op":120.8,"st":0,"bm":0},{"ddd":0,"ind":16,"ty":4,"nm":"neck","parent":9,"sr":1,"ks":{"o":{"a":0,"k":100,"ix":11},"r":{"a":0,"k":0,"ix":10},"p":{"a":0,"k":[645.998,433.952,0],"ix":2},"a":{"a":0,"k":[645.998,433.952,0],"ix":1},"s":{"a":0,"k":[100,100,100],"ix":6}},"ao":0,"shapes":[{"ty":"gr","it":[{"ind":0,"ty":"sh","ix":1,"ks":{"a":0,"k":{"i":[[0,0],[0,0],[0,0],[0,0]],"o":[[0,0],[0,0],[0,0],[0,0]],"v":[[7.623,-19.134],[11.713,19.134],[-11.713,19.045],[-11.115,-10.233]],"c":true},"ix":2},"nm":"Path 1","mn":"ADBE Vector Shape - Group","hd":false},{"ty":"fl","c":{"a":0,"k":[0.922999961703,0.681999954523,0.810999971278,1],"ix":4},"o":{"a":0,"k":100,"ix":5},"r":1,"bm":0,"nm":"Fill 1","mn":"ADBE Vector Graphic - Fill","hd":false},{"ty":"tr","p":{"a":0,"k":[645.998,414.818],"ix":2},"a":{"a":0,"k":[0,0],"ix":1},"s":{"a":0,"k":[100,100],"ix":3},"r":{"a":0,"k":0,"ix":6},"o":{"a":0,"k":100,"ix":7},"sk":{"a":0,"k":0,"ix":4},"sa":{"a":0,"k":0,"ix":5},"nm":"Transform"}],"nm":"Group 19","np":2,"cix":2,"bm":0,"ix":1,"mn":"ADBE Vector Group","hd":false}],"ip":0,"op":120.8,"st":0,"bm":0},{"ddd":0,"ind":17,"ty":4,"nm":"back  h01","parent":15,"sr":1,"ks":{"o":{"a":0,"k":100,"ix":11},"r":{"a":0,"k":0,"ix":10},"p":{"a":0,"k":[644.622,389.161,0],"ix":2},"a":{"a":0,"k":[644.622,389.161,0],"ix":1},"s":{"a":0,"k":[100,100,100],"ix":6}},"ao":0,"shapes":[{"ty":"gr","it":[{"ind":0,"ty":"sh","ix":1,"ks":{"a":0,"k":{"i":[[-5.824,-7.503],[-8.547,11.012],[5.824,7.503],[8.547,-11.013]],"o":[[8.547,11.012],[5.824,-7.503],[-8.547,-11.013],[-5.824,7.503]],"v":[[-16.771,12.884],[16.771,12.884],[16.771,-12.883],[-16.771,-12.883]],"c":true},"ix":2},"nm":"Path 1","mn":"ADBE Vector Shape - Group","hd":false},{"ty":"fl","c":{"a":0,"k":[1,0.430999995213,0.545000023935,1],"ix":4},"o":{"a":0,"k":100,"ix":5},"r":1,"bm":0,"nm":"Fill 1","mn":"ADBE Vector Graphic - Fill","hd":false},{"ty":"tr","p":{"a":0,"k":[644.622,389.16],"ix":2},"a":{"a":0,"k":[0,0],"ix":1},"s":{"a":0,"k":[100,100],"ix":3},"r":{"a":0,"k":0,"ix":6},"o":{"a":0,"k":100,"ix":7},"sk":{"a":0,"k":0,"ix":4},"sa":{"a":0,"k":0,"ix":5},"nm":"Transform"}],"nm":"Group 22","np":2,"cix":2,"bm":0,"ix":1,"mn":"ADBE Vector Group","hd":false}],"ip":0,"op":120.8,"st":0,"bm":0},{"ddd":0,"ind":18,"ty":4,"nm":"back h02","parent":17,"sr":1,"ks":{"o":{"a":0,"k":100,"ix":11},"r":{"a":1,"k":[{"i":{"x":[0.833],"y":[1]},"o":{"x":[0.333],"y":[0]},"t":0,"s":[-5]},{"i":{"x":[0.667],"y":[1]},"o":{"x":[0.333],"y":[0]},"t":5.6,"s":[0]},{"i":{"x":[0.667],"y":[1]},"o":{"x":[0.333],"y":[0]},"t":12,"s":[-5]},{"i":{"x":[0.667],"y":[1]},"o":{"x":[0.333],"y":[0]},"t":18.4,"s":[0]},{"t":24,"s":[-5]}],"ix":10},"p":{"a":0,"k":[649.649,388.764,0],"ix":2},"a":{"a":0,"k":[649.649,388.764,0],"ix":1},"s":{"a":0,"k":[100,100,100],"ix":6}},"ao":0,"shapes":[{"ty":"gr","it":[{"ty":"gr","it":[{"ind":0,"ty":"sh","ix":1,"ks":{"a":0,"k":{"i":[[0,0],[-6.175,-23.24],[0,0],[7.071,17.923]],"o":[[17.973,6.943],[0,0],[-23.283,-6.007],[0,0]],"v":[[-30.766,-2.167],[-2.634,30.767],[30.765,-2.874],[-2.37,-30.767]],"c":true},"ix":2},"nm":"Path 1","mn":"ADBE Vector Shape - Group","hd":false},{"ty":"fl","c":{"a":0,"k":[1,0.430999994278,0.545000016689,1],"ix":4},"o":{"a":0,"k":100,"ix":5},"r":1,"bm":0,"nm":"Fill 1","mn":"ADBE Vector Graphic - Fill","hd":false},{"ty":"tr","p":{"a":0,"k":[664.62,409.085],"ix":2},"a":{"a":0,"k":[0,0],"ix":1},"s":{"a":0,"k":[100,100],"ix":3},"r":{"a":0,"k":0,"ix":6},"o":{"a":0,"k":100,"ix":7},"sk":{"a":0,"k":0,"ix":4},"sa":{"a":0,"k":0,"ix":5},"nm":"Transform"}],"nm":"Group 23","np":2,"cix":2,"bm":0,"ix":1,"mn":"ADBE Vector Group","hd":false},{"ty":"tr","p":{"a":0,"k":[664.62,409.085],"ix":2},"a":{"a":0,"k":[664.62,409.085],"ix":1},"s":{"a":0,"k":[100,100],"ix":3},"r":{"a":0,"k":0,"ix":6},"o":{"a":0,"k":100,"ix":7},"sk":{"a":0,"k":0,"ix":4},"sa":{"a":0,"k":0,"ix":5},"nm":"Transform"}],"nm":"BRIDJ_Fetching_Journeys_Dog_Walking_Illustration Outlines - Group 23","np":1,"cix":2,"bm":0,"ix":1,"mn":"ADBE Vector Group","hd":false},{"ty":"gr","it":[{"ty":"gr","it":[{"ind":0,"ty":"sh","ix":1,"ks":{"a":0,"k":{"i":[[-6.628,-11.082],[-12.928,11.721],[6.629,11.082],[12.927,-11.722]],"o":[[8.958,14.975],[9.566,-8.673],[-8.958,-14.975],[-9.566,8.673]],"v":[[-23.616,14.014],[18.516,20.279],[23.615,-14.015],[-18.516,-20.279]],"c":true},"ix":2},"nm":"Path 1","mn":"ADBE Vector Shape - Group","hd":false},{"ty":"fl","c":{"a":0,"k":[1,0.430999994278,0.545000016689,1],"ix":4},"o":{"a":0,"k":100,"ix":5},"r":1,"bm":0,"nm":"Fill 1","mn":"ADBE Vector Graphic - Fill","hd":false},{"ty":"tr","p":{"a":0,"k":[687.001,429.751],"ix":2},"a":{"a":0,"k":[0,0],"ix":1},"s":{"a":0,"k":[100,100],"ix":3},"r":{"a":0,"k":0,"ix":6},"o":{"a":0,"k":100,"ix":7},"sk":{"a":0,"k":0,"ix":4},"sa":{"a":0,"k":0,"ix":5},"nm":"Transform"}],"nm":"Group 24","np":2,"cix":2,"bm":0,"ix":1,"mn":"ADBE Vector Group","hd":false},{"ty":"tr","p":{"a":0,"k":[687.001,429.751],"ix":2},"a":{"a":0,"k":[687.001,429.751],"ix":1},"s":{"a":0,"k":[100,100],"ix":3},"r":{"a":0,"k":0,"ix":6},"o":{"a":0,"k":100,"ix":7},"sk":{"a":0,"k":0,"ix":4},"sa":{"a":0,"k":0,"ix":5},"nm":"Transform"}],"nm":"BRIDJ_Fetching_Journeys_Dog_Walking_Illustration Outlines - Group 24","np":1,"cix":2,"bm":0,"ix":2,"mn":"ADBE Vector Group","hd":false}],"ip":0,"op":120.8,"st":0,"bm":0},{"ddd":0,"ind":19,"ty":4,"nm":"Merged Shape Layer","parent":22,"sr":1,"ks":{"o":{"a":0,"k":100,"ix":11},"r":{"a":1,"k":[{"i":{"x":[0.833],"y":[0.833]},"o":{"x":[0.167],"y":[0.167]},"t":0,"s":[5]},{"i":{"x":[0.2],"y":[1]},"o":{"x":[0.167],"y":[0.167]},"t":3,"s":[-5]},{"i":{"x":[0.833],"y":[0.833]},"o":{"x":[0.8],"y":[0]},"t":6,"s":[5]},{"i":{"x":[0.2],"y":[1]},"o":{"x":[0.167],"y":[0.167]},"t":9,"s":[-5]},{"i":{"x":[0.833],"y":[0.833]},"o":{"x":[0.8],"y":[0]},"t":12,"s":[5]},{"i":{"x":[0.2],"y":[1]},"o":{"x":[0.167],"y":[0.167]},"t":15,"s":[-5]},{"i":{"x":[0.833],"y":[0.833]},"o":{"x":[0.8],"y":[0]},"t":18,"s":[5]},{"i":{"x":[0.833],"y":[0.833]},"o":{"x":[0.167],"y":[0.167]},"t":21,"s":[-5]},{"t":24,"s":[5]}],"ix":10},"p":{"a":0,"k":[408.24,641.214,0],"ix":2},"a":{"a":0,"k":[408.24,641.214,0],"ix":1},"s":{"a":0,"k":[100,100,100],"ix":6}},"ao":0,"shapes":[{"ty":"gr","it":[{"ty":"gr","it":[{"ind":0,"ty":"sh","ix":1,"ks":{"a":0,"k":{"i":[[-2.608,1.223],[0,0],[1.222,2.608],[0,0],[2.608,-1.224],[0,0],[-1.222,-2.608],[0,0]],"o":[[0,0],[2.609,-1.223],[0,0],[-1.223,-2.609],[0,0],[-2.609,1.223],[0,0],[1.222,2.609]],"v":[[-15.091,12.792],[19.848,-2.646],[22.357,-9.583],[22.029,-10.283],[15.092,-12.792],[-19.848,2.646],[-22.357,9.585],[-22.028,10.285]],"c":true},"ix":2},"nm":"Path 1","mn":"ADBE Vector Shape - Group","hd":false},{"ty":"fl","c":{"a":0,"k":[0.11400000006,0.211999997497,0.368999987841,1],"ix":4},"o":{"a":0,"k":100,"ix":5},"r":1,"bm":0,"nm":"Fill 1","mn":"ADBE Vector Graphic - Fill","hd":false},{"ty":"tr","p":{"a":0,"k":[406.263,641.497],"ix":2},"a":{"a":0,"k":[0,0],"ix":1},"s":{"a":0,"k":[100,100],"ix":3},"r":{"a":0,"k":0,"ix":6},"o":{"a":0,"k":100,"ix":7},"sk":{"a":0,"k":0,"ix":4},"sa":{"a":0,"k":0,"ix":5},"nm":"Transform"}],"nm":"Group 25","np":2,"cix":2,"bm":0,"ix":1,"mn":"ADBE Vector Group","hd":false},{"ty":"tr","p":{"a":0,"k":[406.263,641.497],"ix":2},"a":{"a":0,"k":[406.263,641.497],"ix":1},"s":{"a":0,"k":[100,100],"ix":3},"r":{"a":0,"k":0,"ix":6},"o":{"a":0,"k":100,"ix":7},"sk":{"a":0,"k":0,"ix":4},"sa":{"a":0,"k":0,"ix":5},"nm":"Transform"}],"nm":"oneck","np":1,"cix":2,"bm":0,"ix":1,"mn":"ADBE Vector Group","hd":false},{"ty":"gr","it":[{"ty":"gr","it":[{"ty":"gr","it":[{"ind":0,"ty":"sh","ix":1,"ks":{"a":0,"k":{"i":[[0,-2.898],[0,0],[0,0],[0,3.826],[0,0],[0,0]],"o":[[0,0],[0,0],[3.825,0],[0,0],[0,0],[-2.898,0.047]],"v":[[-7.533,-2.191],[-7.533,7.662],[0.579,7.662],[7.534,0.706],[7.534,-7.662],[-2.318,-7.501]],"c":true},"ix":2},"nm":"Path 1","mn":"ADBE Vector Shape - Group","hd":false},{"ty":"fl","c":{"a":0,"k":[0.11400000006,0.211999997497,0.368999987841,1],"ix":4},"o":{"a":0,"k":100,"ix":5},"r":1,"bm":0,"nm":"Fill 1","mn":"ADBE Vector Graphic - Fill","hd":false},{"ty":"tr","p":{"a":0,"k":[359.899,603.119],"ix":2},"a":{"a":0,"k":[0,0],"ix":1},"s":{"a":0,"k":[100,100],"ix":3},"r":{"a":0,"k":0,"ix":6},"o":{"a":0,"k":100,"ix":7},"sk":{"a":0,"k":0,"ix":4},"sa":{"a":0,"k":0,"ix":5},"nm":"Transform"}],"nm":"Group 28","np":2,"cix":2,"bm":0,"ix":1,"mn":"ADBE Vector Group","hd":false},{"ty":"tr","p":{"a":0,"k":[359.899,603.119],"ix":2},"a":{"a":0,"k":[359.899,603.119],"ix":1},"s":{"a":0,"k":[100,100],"ix":3},"r":{"a":0,"k":0,"ix":6},"o":{"a":0,"k":100,"ix":7},"sk":{"a":0,"k":0,"ix":4},"sa":{"a":0,"k":0,"ix":5},"nm":"Transform"}],"nm":"BRIDJ_Fetching_Journeys_Dog_Walking_Illustration Outlines - Group 28","np":1,"cix":2,"bm":0,"ix":1,"mn":"ADBE Vector Group","hd":false},{"ty":"gr","it":[{"ty":"gr","it":[{"ind":0,"ty":"sh","ix":1,"ks":{"a":0,"k":{"i":[[0,-2.898],[0,0],[-17.919,0],[0,0],[0,0],[2.944,-0.046],[0,0],[0,0]],"o":[[0,0],[0,17.918],[0,0],[0,0],[0,-2.943],[0,0],[0,0],[-2.898,0.047]],"v":[[-35.352,-17.99],[-35.352,-8.136],[-2.898,24.318],[35.352,24.318],[35.352,-18.987],[29.974,-24.271],[-20.285,-23.461],[-30.136,-23.3]],"c":true},"ix":2},"nm":"Path 1","mn":"ADBE Vector Shape - Group","hd":false},{"ty":"fl","c":{"a":0,"k":[0.344999998808,0.368999987841,0.662999987602,1],"ix":4},"o":{"a":0,"k":100,"ix":5},"r":1,"bm":0,"nm":"Fill 1","mn":"ADBE Vector Graphic - Fill","hd":false},{"ty":"tr","p":{"a":0,"k":[387.717,618.917],"ix":2},"a":{"a":0,"k":[0,0],"ix":1},"s":{"a":0,"k":[100,100],"ix":3},"r":{"a":0,"k":0,"ix":6},"o":{"a":0,"k":100,"ix":7},"sk":{"a":0,"k":0,"ix":4},"sa":{"a":0,"k":0,"ix":5},"nm":"Transform"}],"nm":"Group 33","np":2,"cix":2,"bm":0,"ix":1,"mn":"ADBE Vector Group","hd":false},{"ty":"tr","p":{"a":0,"k":[387.717,618.94],"ix":2},"a":{"a":0,"k":[387.717,618.94],"ix":1},"s":{"a":0,"k":[100,100],"ix":3},"r":{"a":0,"k":0,"ix":6},"o":{"a":0,"k":100,"ix":7},"sk":{"a":0,"k":0,"ix":4},"sa":{"a":0,"k":0,"ix":5},"nm":"Transform"}],"nm":"BRIDJ_Fetching_Journeys_Dog_Walking_Illustration Outlines - Group 33","np":1,"cix":2,"bm":0,"ix":2,"mn":"ADBE Vector Group","hd":false},{"ty":"tr","p":{"a":0,"k":[387.717,618.94],"ix":2},"a":{"a":0,"k":[387.717,618.94],"ix":1},"s":{"a":0,"k":[100,100],"ix":3},"r":{"a":0,"k":0,"ix":6},"o":{"a":0,"k":100,"ix":7},"sk":{"a":0,"k":0,"ix":4},"sa":{"a":0,"k":0,"ix":5},"nm":"Transform"}],"nm":"Merged Shape Layer","np":2,"cix":2,"bm":0,"ix":2,"mn":"ADBE Vector Group","hd":false}],"ip":0,"op":120.8,"st":0,"bm":0},{"ddd":0,"ind":20,"ty":4,"nm":"BRIDJ_Fetching_Journeys_Dog_Walking_Illustration Outlines - Group 30","parent":19,"sr":1,"ks":{"o":{"a":0,"k":100,"ix":11},"r":{"a":1,"k":[{"i":{"x":[0.833],"y":[0.833]},"o":{"x":[0.81],"y":[0]},"t":0,"s":[0]},{"i":{"x":[0.19],"y":[1]},"o":{"x":[0.167],"y":[0.167]},"t":3,"s":[20]},{"i":{"x":[0.833],"y":[0.833]},"o":{"x":[0.81],"y":[0]},"t":6,"s":[0]},{"i":{"x":[0.19],"y":[1]},"o":{"x":[0.167],"y":[0.167]},"t":9,"s":[20]},{"i":{"x":[0.833],"y":[0.833]},"o":{"x":[0.81],"y":[0]},"t":12,"s":[0]},{"i":{"x":[0.19],"y":[1]},"o":{"x":[0.167],"y":[0.167]},"t":15,"s":[20]},{"i":{"x":[0.833],"y":[0.833]},"o":{"x":[0.81],"y":[0]},"t":18,"s":[0]},{"i":{"x":[0.19],"y":[1]},"o":{"x":[0.167],"y":[0.167]},"t":21,"s":[20]},{"t":24,"s":[0]}],"ix":10},"p":{"a":0,"k":[414.831,602.912,0],"ix":2},"a":{"a":0,"k":[414.831,602.912,0],"ix":1},"s":{"a":0,"k":[100,100,100],"ix":6}},"ao":0,"shapes":[{"ty":"gr","it":[{"ind":0,"ty":"sh","ix":1,"ks":{"a":0,"k":{"i":[[-3.533,0],[-0.233,0.022],[0.379,3.824],[-4.518,0.851],[0.711,3.775],[3.773,-0.704],[-1.166,-11.81]],"o":[[0.229,0],[3.821,-0.378],[-0.451,-4.576],[3.774,-0.712],[-0.712,-3.775],[-11.662,2.198],[0.355,3.59]],"v":[[-6.439,16.19],[-5.747,16.156],[0.489,8.552],[8.26,-1.816],[13.807,-9.94],[5.684,-15.486],[-13.352,9.919]],"c":true},"ix":2},"nm":"Path 1","mn":"ADBE Vector Shape - Group","hd":false},{"ty":"fl","c":{"a":0,"k":[0.344999994016,0.368999974868,0.663000009574,1],"ix":4},"o":{"a":0,"k":100,"ix":5},"r":1,"bm":0,"nm":"Fill 1","mn":"ADBE Vector Graphic - Fill","hd":false},{"ty":"tr","p":{"a":0,"k":[420.846,593.37],"ix":2},"a":{"a":0,"k":[0,0],"ix":1},"s":{"a":0,"k":[100,100],"ix":3},"r":{"a":0,"k":0,"ix":6},"o":{"a":0,"k":100,"ix":7},"sk":{"a":0,"k":0,"ix":4},"sa":{"a":0,"k":0,"ix":5},"nm":"Transform"}],"nm":"Group 30","np":2,"cix":2,"bm":0,"ix":1,"mn":"ADBE Vector Group","hd":false}],"ip":0,"op":120.8,"st":0,"bm":0},{"ddd":0,"ind":21,"ty":4,"nm":"BRIDJ_Fetching_Journeys_Dog_Walking_Illustration Outlines - Group 35","parent":19,"sr":1,"ks":{"o":{"a":0,"k":100,"ix":11},"r":{"a":1,"k":[{"i":{"x":[0.833],"y":[0.833]},"o":{"x":[0.81],"y":[0]},"t":0,"s":[0]},{"i":{"x":[0.19],"y":[1]},"o":{"x":[0.167],"y":[0.167]},"t":3,"s":[-20]},{"i":{"x":[0.833],"y":[0.833]},"o":{"x":[0.81],"y":[0]},"t":6,"s":[0]},{"i":{"x":[0.19],"y":[1]},"o":{"x":[0.167],"y":[0.167]},"t":9,"s":[-20]},{"i":{"x":[0.833],"y":[0.833]},"o":{"x":[0.81],"y":[0]},"t":12,"s":[0]},{"i":{"x":[0.19],"y":[1]},"o":{"x":[0.167],"y":[0.167]},"t":15,"s":[-20]},{"i":{"x":[0.833],"y":[0.833]},"o":{"x":[0.81],"y":[0]},"t":18,"s":[0]},{"i":{"x":[0.19],"y":[1]},"o":{"x":[0.167],"y":[0.167]},"t":21,"s":[-20]},{"t":24,"s":[0]}],"ix":10},"p":{"a":0,"k":[402.071,600.294,0],"ix":2},"a":{"a":0,"k":[402.071,600.294,0],"ix":1},"s":{"a":0,"k":[100,100,100],"ix":6}},"ao":0,"shapes":[{"ty":"gr","it":[{"ind":0,"ty":"sh","ix":1,"ks":{"a":0,"k":{"i":[[-2.171,0],[-0.367,0.042],[-1.592,2.266],[-0.101,1.805],[5.89,1.992],[1.231,-3.64],[-3.638,-1.228],[0.148,-6.077],[0.825,-0.94],[-2.888,-2.531]],"o":[[0.363,0],[2.744,-0.329],[1.975,-2.799],[0.946,-17.112],[-3.632,-1.232],[-1.231,3.639],[1.3,0.44],[-1.105,0.379],[-2.532,2.889],[1.61,1.415]],"v":[[0.172,19.067],[1.267,19.004],[8.193,14.861],[10.434,7.236],[-1.335,-17.834],[-10.15,-13.474],[-5.79,-4.659],[-3.397,5.086],[-6.35,7.07],[-5.707,16.884]],"c":true},"ix":2},"nm":"Path 1","mn":"ADBE Vector Shape - Group","hd":false},{"ty":"fl","c":{"a":0,"k":[0.344999994016,0.368999974868,0.663000009574,1],"ix":4},"o":{"a":0,"k":100,"ix":5},"r":1,"bm":0,"nm":"Fill 1","mn":"ADBE Vector Graphic - Fill","hd":false},{"ty":"tr","p":{"a":0,"k":[400.319,588.612],"ix":2},"a":{"a":0,"k":[0,0],"ix":1},"s":{"a":0,"k":[100,100],"ix":3},"r":{"a":0,"k":0,"ix":6},"o":{"a":0,"k":100,"ix":7},"sk":{"a":0,"k":0,"ix":4},"sa":{"a":0,"k":0,"ix":5},"nm":"Transform"}],"nm":"Group 35","np":2,"cix":2,"bm":0,"ix":1,"mn":"ADBE Vector Group","hd":false}],"ip":0,"op":120.8,"st":0,"bm":0},{"ddd":0,"ind":22,"ty":4,"nm":"body dog","sr":1,"ks":{"o":{"a":0,"k":100,"ix":11},"r":{"a":0,"k":0,"ix":10},"p":{"a":1,"k":[{"i":{"x":0.833,"y":0.833},"o":{"x":0.9,"y":0},"t":0,"s":[441.035,651.2,0],"to":[0,0,0],"ti":[0,0,0]},{"i":{"x":0.1,"y":1},"o":{"x":0.167,"y":0.167},"t":3,"s":[441.035,661.2,0],"to":[0,0,0],"ti":[0,0,0]},{"i":{"x":0.833,"y":0.833},"o":{"x":0.9,"y":0},"t":6,"s":[441.035,651.2,0],"to":[0,0,0],"ti":[0,0,0]},{"i":{"x":0.1,"y":1},"o":{"x":0.167,"y":0.167},"t":9,"s":[441.035,661.2,0],"to":[0,0,0],"ti":[0,0,0]},{"i":{"x":0.833,"y":0.833},"o":{"x":0.9,"y":0},"t":12,"s":[441.035,651.2,0],"to":[0,0,0],"ti":[0,0,0]},{"i":{"x":0.1,"y":1},"o":{"x":0.167,"y":0.167},"t":15,"s":[441.035,661.2,0],"to":[0,0,0],"ti":[0,0,0]},{"i":{"x":0.833,"y":0.833},"o":{"x":0.9,"y":0},"t":18,"s":[441.035,651.2,0],"to":[0,0,0],"ti":[0,0,0]},{"i":{"x":0.1,"y":1},"o":{"x":0.167,"y":0.167},"t":21,"s":[441.035,661.2,0],"to":[0,0,0],"ti":[0,0,0]},{"t":24,"s":[441.035,651.2,0]}],"ix":2},"a":{"a":0,"k":[441.035,661.2,0],"ix":1},"s":{"a":0,"k":[100,100,100],"ix":6}},"ao":0,"shapes":[{"ty":"gr","it":[{"ind":0,"ty":"sh","ix":1,"ks":{"a":0,"k":{"i":[[0,-14.35],[-4.729,-4.73],[-7.163,0],[0,0],[0,14.35],[4.729,4.729],[0.997,0.742],[5.843,0],[0,0]],"o":[[0,7.163],[4.728,4.728],[0,0],[14.35,0],[0,-7.163],[-0.857,-0.857],[-4.358,-3.292],[0,0],[-14.35,0]],"v":[[-52.738,0],[-45.089,18.431],[-26.659,26.079],[26.659,26.079],[52.738,0],[45.089,-18.43],[42.306,-20.84],[26.659,-26.079],[-26.659,-26.079]],"c":true},"ix":2},"nm":"Path 1","mn":"ADBE Vector Shape - Group","hd":false},{"ty":"fl","c":{"a":0,"k":[0.344999994016,0.368999974868,0.663000009574,1],"ix":4},"o":{"a":0,"k":100,"ix":5},"r":1,"bm":0,"nm":"Fill 1","mn":"ADBE Vector Graphic - Fill","hd":false},{"ty":"tr","p":{"a":0,"k":[441.035,661.2],"ix":2},"a":{"a":0,"k":[0,0],"ix":1},"s":{"a":0,"k":[100,100],"ix":3},"r":{"a":0,"k":0,"ix":6},"o":{"a":0,"k":100,"ix":7},"sk":{"a":0,"k":0,"ix":4},"sa":{"a":0,"k":0,"ix":5},"nm":"Transform"}],"nm":"Group 34","np":2,"cix":2,"bm":0,"ix":1,"mn":"ADBE Vector Group","hd":false}],"ip":0,"op":120.8,"st":0,"bm":0}]}],"layers":[{"ddd":0,"ind":1,"ty":0,"nm":"Pre-comp 1","refId":"comp_0","sr":1,"ks":{"o":{"a":0,"k":100,"ix":11},"r":{"a":0,"k":0,"ix":10},"p":{"a":0,"k":[295,267.5,0],"ix":2},"a":{"a":0,"k":[540,540,0],"ix":1},"s":{"a":0,"k":[150,150,100],"ix":6}},"ao":0,"w":1080,"h":1080,"ip":0,"op":121,"st":0,"bm":0}],"markers":[{"tm":0,"cm":"2","dr":0},{"tm":5.599609375,"cm":"4","dr":0},{"tm":12,"cm":"5","dr":0},{"tm":18.400390625,"cm":"6","dr":0},{"tm":24,"cm":"3","dr":0}]}